variant,model,selected_gamma,selected_train_oof_mae,base_train_oof_mae,MAE,RMSE,R2,MedianAbsError,P90AbsError,P95AbsError,W30,W60,MeanError_pred_minus_actual,UnderestimationRate,OverestimationRate,N,gain_vs_base,gain_vs_base_CI95,MAE_CI95,delta_vs_31_794666,delta_vs_32_028831,meta_json
pls_raw_word160_26_delta,sgd_huber,1.55,32.796417788517424,32.966712482938256,31.77026365632957,47.08623013872459,0.7537433189679652,21.396960248342452,69.8267318236742,93.22940532588267,0.6220500176118352,0.8622754491017964,-2.854216200852376,0.48256428319830924,0.5174357168016908,2839,0.4693722183336741,"[0.33575435657269637, 0.6065614085107865]","[30.613918432512193, 33.04925533135617]",-0.024402343670431037,-0.25856734367042833,"{""model"": ""sgd_huber"", ""residual_oof_mae"": 32.81965832259389}"
cca_hs_word160_32_basic,huber,0.675,32.80115072953489,32.966712482938256,31.771357739092355,46.85548646171165,0.756150941953309,21.47806930133558,69.35221865393238,92.51202977387632,0.6202888340965128,0.8605142655864741,-1.1210745140724931,0.45966889749911943,0.5403311025008806,2839,0.4682781355708882,"[0.35005991823080246, 0.6035839172957852]","[30.293603377848434, 32.97068551407364]",-0.02330826090764404,-0.25747326090764133,"{""model"": ""huber"", ""residual_oof_mae"": 32.85588885699013}"
pls_raw_word160_28_delta,sgd_huber,1.475,32.80629189375935,32.966712482938256,31.77953078007122,47.014753798097196,0.754490380982015,21.341015036439444,69.70206121686655,92.36801703927073,0.6181754138781261,0.8622754491017964,-2.2967659900327906,0.4751673124339556,0.5248326875660444,2839,0.46010509459202054,"[0.3175657876875359, 0.6101122488185553]","[30.568028556366436, 33.04862302434772]",-0.015135219928779975,-0.24930021992877727,"{""model"": ""sgd_huber"", ""residual_oof_mae"": 32.82280797473231}"
pls_raw_word160_24_delta,sgd_huber,1.5750000000000002,32.80694891752665,32.966712482938256,31.78536446197558,47.10290576004922,0.7535688641302605,21.35552173176454,69.82190036225892,93.41738688150095,0.623458964424093,0.8622754491017964,-2.8099367494690184,0.4822120464952448,0.5177879535047551,2839,0.45427141268765936,"[0.31629671079145405, 0.5848611060729736]","[30.623442359952424, 33.05921234515057]",-0.009301538024420353,-0.24346653802441764,"{""model"": ""sgd_huber"", ""residual_oof_mae"": 32.829512607892326}"
pls_raw_word160_26_geom,sgd_huber,1.175,32.805279154451945,32.966712482938256,31.790984307511092,47.060334362847044,0.7540141095679431,21.269014959707192,69.33265486575603,93.33408332146644,0.6224022543148996,0.8601620288834096,-2.376564174331169,0.4811553363860514,0.5188446636139485,2839,0.4486515671521516,"[0.3097302512616915, 0.5709909525553034]","[30.425121798877004, 33.0614929885505]",-0.0036816924889073732,-0.23784669248890467,"{""model"": ""sgd_huber"", ""residual_oof_mae"": 32.80988366303034}"
pls_hs_raw_word160_18_basic,sgd_huber,1.55,32.76850637451064,32.966712482938256,31.793151133040716,46.99393901226477,0.7547077212211475,21.38789928660003,69.0916935617043,92.14672392740636,0.6192321239873195,0.8640366326171187,-2.468434874405062,0.48256428319830924,0.5174357168016908,2839,0.4464847416225288,"[0.28950365147825485, 0.5746636603250779]","[30.58892604439553, 33.35318373513254]",-0.0015148669592832675,-0.23567986695928056,"{""model"": ""sgd_huber"", ""residual_oof_mae"": 32.79499859660138}"
pls_hs_raw_word160_20_basic,sgd_huber,1.5,32.77533259454124,32.966712482938256,31.798197344563246,47.00010361946695,0.7546433627204601,21.320312284751054,69.28167532642082,91.95039144225582,0.6192321239873195,0.8650933427263121,-2.44765571208399,0.4822120464952448,0.5177879535047551,2839,0.441438530099998,"[0.2987678037719053, 0.5637713742107661]","[30.52633453994901, 33.229429808652895]",0.0035313445632461082,-0.23063365543675118,"{""model"": ""sgd_huber"", ""residual_oof_mae"": 32.79714232874491}"
cca_hs_word160_28_basic,huber,0.675,32.8097945727049,32.966712482938256,31.79919317859076,46.91428386400634,0.7555385617094541,21.558953473366188,69.26300529300227,92.44145016453,0.6181754138781261,0.8591053187742163,-0.9352131951154244,0.45685100387460376,0.5431489961253962,2839,0.44044269607248265,"[0.32005985336934034, 0.5359884707849701]","[30.559160597373573, 33.080651849758034]",0.004527178590759462,-0.22963782140923783,"{""model"": ""huber"", ""residual_oof_mae"": 32.86243113684534}"
pls_raw_word160_22_delta,sgd_huber,1.6,32.80695013311965,32.966712482938256,31.80024732211073,47.1080300406181,0.7535152431933279,21.406075793303046,69.6518991575609,92.99671521285866,0.623458964424093,0.8626276858048608,-2.8065940299243537,0.4839732300105671,0.5160267699894329,2839,0.43938855255250725,"[0.2812900475857713, 0.5912982721463165]","[30.418726743225644, 32.99768848458849]",0.005581322110732145,-0.22858367788926515,"{""model"": ""sgd_huber"", ""residual_oof_mae"": 32.83176973366312}"
pls_raw_word160_24_geom,sgd_huber,1.225,32.81336364636633,32.966712482938256,31.804165573424125,47.069589548444625,0.7539173457446116,21.433096182471672,69.3851266355576,93.49150828016411,0.6220500176118352,0.8622754491017964,-2.3105346064020376,0.48080309968298696,0.519196900317013,2839,0.435470301239121,"[0.30621466011237547, 0.5471490573717197]","[30.526397774915218, 33.016303233694046]",0.009499573424125884,-0.2246654265758714,"{""model"": ""sgd_huber"", ""residual_oof_mae"": 32.81974289645217}"
pls_hs_raw_word160_22_basic,sgd_huber,1.475,32.77537878929174,32.966712482938256,31.804820623898735,47.00229255271479,0.7546205082258521,21.407386044710677,69.48506383329611,91.99203275591108,0.6213455442057062,0.8636843959140542,-2.4560470076287824,0.4811553363860514,0.5188446636139485,2839,0.4348152507645075,"[0.2992363698094103, 0.592517443837007]","[30.591571749664723, 33.179755947384386]",0.010154623898735338,-0.22401037610126195,"{""model"": ""sgd_huber"", ""residual_oof_mae"": 32.795886241350395}"
pls_hs_word160_30_basic,sgd_huber,1.35,32.789747412293664,32.966712482938256,31.80608571445108,46.91356420736316,0.755546061640572,21.591822668639878,69.09233110828885,92.11602722319765,0.618879887284255,0.8615709756956675,-1.7285785772144306,0.46953152518492425,0.5304684748150758,2839,0.4335501602121674,"[0.3105739027174532, 0.5598901418750658]","[30.44000522827495, 33.11202267471477]",0.011419714451079699,-0.2227452855489176,"{""model"": ""sgd_huber"", ""residual_oof_mae"": 32.80143453962446}"
pls_raw_word160_22_geom,sgd_huber,1.25,32.80968165145353,32.966712482938256,31.81046878329697,47.072685756528905,0.7538849703544614,21.427745652691527,69.27600194722179,93.38537196327842,0.6216977809087707,0.8622754491017964,-2.397759096188249,0.4811553363860514,0.5188446636139485,2839,0.4291670913662756,"[0.3041383995216035, 0.5630383430866052]","[30.612178019730855, 33.13392196124713]",0.01580278329696938,-0.2183622167030279,"{""model"": ""sgd_huber"", ""residual_oof_mae"": 32.81733369320728}"
pls_hs_raw_word160_24_basic,sgd_huber,1.375,32.78760785349493,32.966712482938256,31.814286107211757,47.025279596900376,0.7543804378717093,21.395771762184694,69.33498786563436,91.94733214492359,0.618879887284255,0.8633321592109898,-2.4306615957148794,0.4804508629799225,0.5195491370200775,2839,0.4253497674514815,"[0.2705651952038964, 0.5789661573059559]","[30.393167046096906, 33.31458224827394]",0.019620107211757443,-0.21454489278823985,"{""model"": ""sgd_huber"", ""residual_oof_mae"": 32.8029397043428}"
pls_raw_word160_30_delta,sgd_huber,1.4500000000000002,32.79120101128359,32.966712482938256,31.814337525909142,47.042583063508815,0.7541996478005822,21.395279815315632,69.77926795971335,92.55682184207492,0.6195843606903839,0.8622754491017964,-2.2007653239601646,0.4783374427615357,0.5216625572384642,2839,0.4252983487541018,"[0.285553652729123, 0.5630156016205347]","[30.66072774822959, 33.344800015044704]",0.019671525909142673,-0.21449347409085462,"{""model"": ""sgd_huber"", ""residual_oof_mae"": 32.80687527811121}"
pls_raw_word160_28_geom,sgd_huber,1.125,32.78828357448069,32.966712482938256,31.81486137860211,46.972723672124644,0.7549291448590801,21.359845736224173,69.32896926631409,92.0575663425513,0.6209933075026418,0.8601620288834096,-1.774948288562292,0.47481507573089116,0.5251849242691088,2839,0.42477449606113304,"[0.2862121011909228, 0.559891200934984]","[30.699427107131882, 32.843849355356994]",0.020195378602110736,-0.21396962139788656,"{""model"": ""sgd_huber"", ""residual_oof_mae"": 32.790970056063436}"
pls_hs_raw_word160_28_basic,sgd_huber,1.3,32.77887018112643,32.966712482938256,31.817161350638152,46.95240289586564,0.755141138221409,21.576704224087536,69.09141514071092,91.52957846377065,0.6216977809087707,0.8622754491017964,-1.8091323457419461,0.4709404719971821,0.5290595280028179,2839,0.4224745240250903,"[0.2803320641858539, 0.5441528020383449]","[30.3079109779713, 33.03355008362906]",0.022495350638152445,-0.21166964936184485,"{""model"": ""sgd_huber"", ""residual_oof_mae"": 32.78829395962943}"
pls_raw_word160_20_geom,sgd_huber,1.3250000000000002,32.81124767090144,32.966712482938256,31.822534107507785,47.08533309938574,0.7537527017461358,21.394429631906007,69.24162517137692,93.73234919555709,0.6220500176118352,0.861218738992603,-2.392076010952273,0.48009862627685806,0.5199013737231419,2839,0.4171017671554635,"[0.29216909065732183, 0.5469076714267985]","[30.393117150195692, 33.11390511186421]",0.027868107507785567,-0.20629689249221173,"{""model"": ""sgd_huber"", ""residual_oof_mae"": 32.820397752784835}"
pls_raw_word160_20_delta,sgd_huber,1.6,32.80886277226881,32.966712482938256,31.823041107367956,47.13158863648684,0.7532686488543403,21.46705056006924,69.59238907630458,93.42437341352476,0.6227544910179641,0.8619232123987319,-2.7070992115016335,0.4783374427615357,0.5216625572384642,2839,0.4165947672952924,"[0.2867933489569206, 0.5404469497703374]","[30.64591969791671, 33.07034116861015]",0.028375107367956787,-0.2057898926320405,"{""model"": ""sgd_huber"", ""residual_oof_mae"": 32.8352016335482}"
pls_hs_raw_word160_30_basic,sgd_huber,1.2750000000000001,32.77491793378128,32.966712482938256,31.824252088017673,46.92820938230871,0.7553934136993793,21.630362758985967,68.93746433412215,91.89018245960098,0.6227544910179641,0.8622754491017964,-1.5731161898206942,0.4691792884818598,0.5308207115181401,2839,0.4153837866455675,"[0.2889370470773381, 0.5566804383389412]","[30.914800399716338, 33.19949157783882]",0.029586088017673262,-0.20457891198232403,"{""model"": ""sgd_huber"", ""residual_oof_mae"": 32.78475403848035}"
pls_hs_raw_word160_26_basic,sgd_huber,1.35,32.778334691350786,32.966712482938256,31.825359550491616,46.998212053421874,0.7546631115681868,21.4763980756738,68.84265941009306,91.9211800066202,0.6185276505811905,0.8626276858048608,-1.9232989908321156,0.47411060232476226,0.5258893976752378,2839,0.4142763241716235,"[0.2897470581658728, 0.535526723942776]","[30.63695454751065, 33.18241013866677]",0.03069355049161615,-0.20347144950838114,"{""model"": ""sgd_huber"", ""residual_oof_mae"": 32.7915397237919}"
pls_hs_word160_22_delta,sgd_huber,1.5750000000000002,32.80895140274755,32.966712482938256,31.82582761810406,47.0602419406895,0.7540150757542103,21.448760693232657,69.41188088653121,92.28383222081793,0.6202888340965128,0.8605142655864741,-2.3160929658644682,0.476224022543149,0.523775977456851,2839,0.4138082565591822,"[0.30243076772801336, 0.5514573255225468]","[30.715009735123267, 33.14159363188845]",0.03116161810406126,-0.20300338189593603,"{""model"": ""sgd_huber"", ""residual_oof_mae"": 32.83117220933125}"
pls_hs_raw_word160_32_basic,sgd_huber,1.25,32.780905791307376,32.966712482938256,31.82590316350999,46.934928497267364,0.7553233638315284,21.70303387066562,69.13300209986663,91.28364739200313,0.6220500176118352,0.8633321592109898,-1.5370308863442974,0.46530468474815073,0.5346953152518492,2839,0.4137327111532479,"[0.29100845355548643, 0.5627330867612755]","[30.366932114187172, 33.106002220582425]",0.031237163509992172,-0.20292783649000512,"{""model"": ""sgd_huber"", ""residual_oof_mae"": 32.7888008335759}"
pls_hs_word160_20_delta,sgd_huber,1.6,32.799842630366804,32.966712482938256,31.826386334728046,47.05747935596508,0.7540439550892988,21.41053899506707,69.5741021705867,92.5788762785992,0.6202888340965128,0.8594575554772808,-2.3064481171362594,0.47657625924621344,0.5234237407537865,2839,0.41324953993519375,"[0.28943254300347, 0.5250218102924061]","[30.733043775201924, 32.93545632093058]",0.03172033472804614,-0.20244466527195115,"{""model"": ""sgd_huber"", ""residual_oof_mae"": 32.82786927770078}"
cca_hs_word160_24_basic,huber,0.7000000000000001,32.80050506207932,32.966712482938256,31.82727836113452,46.96262999111986,0.7550344570941996,21.512838678867865,69.39112170818933,92.87355549846343,0.618879887284255,0.8608665022895385,-0.9087813624158603,0.46107784431137727,0.5389221556886228,2839,0.41235751352872235,"[0.28236620713792526, 0.5333158144729443]","[30.590440974184713, 33.15546951569999]",0.032612361134521706,-0.2015526388654756,"{""model"": ""huber"", ""residual_oof_mae"": 32.8348936777161}"
pls_hs_word160_28_basic,sgd_huber,1.3,32.79989196825616,32.966712482938256,31.830078425439886,46.972500311588966,0.7549314755319924,21.685764480326014,69.03415903609603,92.28983684723103,0.6160619936597393,0.8615709756956675,-1.7632374024076176,0.4709404719971821,0.5290595280028179,2839,0.4095574492233558,"[0.2877801466567545, 0.5291058089963387]","[30.622650217681688, 33.14662399338671]",0.035412425439886874,-0.19875257456011042,"{""model"": ""sgd_huber"", ""residual_oof_mae"": 32.80897434851915}"
pls_hs_word160_32_basic,sgd_huber,1.2750000000000001,32.79323082433095,32.966712482938256,31.830551997183598,46.943141377184595,0.7552377271549082,21.814635874487593,69.3270665337697,91.8545288352744,0.6167664670658682,0.8626276858048608,-1.7229800806771376,0.4709404719971821,0.5290595280028179,2839,0.4090838774796437,"[0.2648358613138099, 0.540398074494495]","[30.59399250261521, 33.154514067729906]",0.035885997183598306,-0.19827900281639899,"{""model"": ""sgd_huber"", ""residual_oof_mae"": 32.80165847019243}"
pls_hs_word160_28_geom,sgd_huber,1.1500000000000001,32.80500772873607,32.966712482938256,31.83106205815062,46.96726816963555,0.7549860675544542,21.44867812983688,69.1556788897067,92.5056546735167,0.6171187037689327,0.8605142655864741,-1.6044784283348559,0.4709404719971821,0.5290595280028179,2839,0.40857381651262287,"[0.2981879032089869, 0.5453063453914598]","[30.483288216434282, 32.98040511900562]",0.03639605815062197,-0.19776894184937532,"{""model"": ""sgd_huber"", ""residual_oof_mae"": 32.80714595362141}"
pls_hs_word160_24_delta,sgd_huber,1.5,32.81570829199532,32.966712482938256,31.832818700827428,47.05761160693735,0.7540425726110092,21.500497601083794,69.58966000323686,92.34735523705855,0.6195843606903839,0.8608665022895385,-2.2265436692282297,0.47587178584008455,0.5241282141599155,2839,0.40681717383581206,"[0.27467474834605715, 0.5136602949921268]","[30.580603439735363, 33.00154236347565]",0.038152700827428276,-0.19601229917256902,"{""model"": ""sgd_huber"", ""residual_oof_mae"": 32.83400781542437}"
pls_hs_raw_word160_18_geom,sgd_huber,1.35,32.75688705063586,32.966712482938256,31.832838466915238,47.02507752124222,0.7543825488055923,21.33818163072044,68.9889068332015,92.58013608229629,0.6167664670658682,0.8622754491017964,-2.295641751276269,0.4779852060584713,0.5220147939415287,2839,0.4067974077480016,"[0.26743268881936666, 0.5294392822987781]","[30.540345372816855, 33.09269972319159]",0.038172466915238346,-0.19599253308475895,"{""model"": ""sgd_huber"", ""residual_oof_mae"": 32.77134515238157}"
pls_hs_word160_22_basic,sgd_huber,1.4500000000000002,32.78494869711997,32.966712482938256,31.833138468559568,46.99055898494846,0.754743005123879,21.45071876736553,69.24283742813196,92.41751142410362,0.6146530468474815,0.8626276858048608,-2.018996561443235,0.47587178584008455,0.5241282141599155,2839,0.4064974061036788,"[0.2885291736143629, 0.5409231428473837]","[30.54860309186554, 33.038217078521285]",0.03847246855956854,-0.19569253144042875,"{""model"": ""sgd_huber"", ""residual_oof_mae"": 32.803238944035975}"
pls_raw_word160_30_geom,sgd_huber,1.175,32.770225331669394,32.966712482938256,31.83362644754459,46.9803717404603,0.7548493338075452,21.526799601911264,69.42815809548027,91.52007237195846,0.6192321239873195,0.8608665022895385,-1.6879335955610826,0.4727016555125044,0.5272983444874956,2839,0.4060094271186501,"[0.25297297382632394, 0.5317797584126859]","[30.636482492464996, 33.072864215637445]",0.03896044754458927,-0.19520455245540802,"{""model"": ""sgd_huber"", ""residual_oof_mae"": 32.77468936246575}"
pls_hs_word160_24_basic,sgd_huber,1.4000000000000001,32.79169933506673,32.966712482938256,31.834026726496152,46.99540027092699,0.7546924664437279,21.469183275736384,69.1907767462363,92.23827254537439,0.6153575202536105,0.8629799225079253,-2.0099203552701206,0.4755195491370201,0.5244804508629799,2839,0.4056091481670972,"[0.29628771769304646, 0.5350909676083674]","[30.541714000047477, 33.20440430109749]",0.03936072649615241,-0.19480427350384488,"{""model"": ""sgd_huber"", ""residual_oof_mae"": 32.80602234829879}"
pls_hs_word160_28_delta,sgd_huber,1.4000000000000001,32.83353463301145,32.966712482938256,31.8343709442877,47.05835912070466,0.7540347584437723,21.610764891112865,69.58354118207602,92.2087561835894,0.6178231771750616,0.8601620288834096,-2.057847945429942,0.4744628390278267,0.5255371609721733,2839,0.4052649303755416,"[0.27714485314836707, 0.5058569232973312]","[30.596853395772566, 33.04096094762196]",0.03970494428769911,-0.19446005571229819,"{""model"": ""sgd_huber"", ""residual_oof_mae"": 32.84419526099337}"
pls_hs_word160_26_basic,sgd_huber,1.375,32.792366779875906,32.966712482938256,31.834714053546865,46.990629940042034,0.7547422644539855,21.5757470986821,69.28188075313443,92.49716325485919,0.6139485734413526,0.8629799225079253,-1.8214540011178553,0.4723494188094399,0.5276505811905601,2839,0.40492182111637404,"[0.29793362776123605, 0.5257330093231052]","[30.61405962606149, 33.235117150907854]",0.04004805354686525,-0.19411694645313204,"{""model"": ""sgd_huber"", ""residual_oof_mae"": 32.80637573311948}"
pls_hs_word160_26_delta,sgd_huber,1.475,32.81851747439062,32.966712482938256,31.83492452607073,47.05755841525498,0.7540431286478123,21.514660486830195,69.51419847453928,92.29963779096498,0.6185276505811905,0.8608665022895385,-2.1339329307521795,0.47587178584008455,0.5241282141599155,2839,0.40471134859251007,"[0.282260125627008, 0.5053023419115374]","[30.543207534326605, 33.09633707713198]",0.04025852607072977,-0.19390647392926752,"{""model"": ""sgd_huber"", ""residual_oof_mae"": 32.83464348069637}"
pls_hs_word160_30_delta,sgd_huber,1.3250000000000002,32.83739150730438,32.966712482938256,31.835514030953128,47.046787863270666,0.7541557051688002,21.544495014780466,69.44448167002831,92.2795672269997,0.6192321239873195,0.8608665022895385,-1.938814109387238,0.4712927087002466,0.5287072912997535,2839,0.40412184371011567,"[0.31812035063746547, 0.5058392951228057]","[30.791332735599912, 33.35305855946]",0.0408480309531285,-0.1933169690468688,"{""model"": ""sgd_huber"", ""residual_oof_mae"": 32.84593991182263}"
pls_hs_raw_word160_20_geom,sgd_huber,1.2750000000000001,32.76385947374925,32.966712482938256,31.835855979473266,47.03000146745147,0.7543311094247616,21.239676031206784,68.89412541703302,91.9229478883125,0.6167664670658682,0.8622754491017964,-2.2644647150299106,0.4779852060584713,0.5220147939415287,2839,0.4037798951899806,"[0.24458244564391896, 0.5618138091370894]","[30.733960282352907, 33.144280307798496]",0.04118997947326619,-0.1929750205267311,"{""model"": ""sgd_huber"", ""residual_oof_mae"": 32.774929520585566}"
pls_raw_word160_18_delta,sgd_huber,1.6,32.815436109827644,32.966712482938256,31.83626401835469,47.154367010939374,0.7530301040755368,21.44833202523658,69.73628620309304,93.35342435998386,0.6224022543148996,0.8622754491017964,-2.774668320029206,0.4804508629799225,0.5195491370200775,2839,0.40337185630855005,"[0.26465120665965364, 0.5341456197018191]","[30.48440672120945, 33.086266007519924]",0.04159801835469068,-0.1925669816453066,"{""model"": ""sgd_huber"", ""residual_oof_mae"": 32.84207397818079}"
pls_hs_word160_22_geom,sgd_huber,1.2750000000000001,32.78626561838795,32.966712482938256,31.837498132100254,46.995326114211394,0.754693240612542,21.55360281190201,69.09443005165382,92.56852371731473,0.6174709404719971,0.8601620288834096,-1.9091147406325273,0.476224022543149,0.523775977456851,2839,0.40213774256299023,"[0.28410349912536526, 0.5282787249551469]","[30.628748302610212, 33.05160574267272]",0.04283213210025494,-0.19133286789974235,"{""model"": ""sgd_huber"", ""residual_oof_mae"": 32.7951281309743}"
pls_hs_word160_36_basic,sgd_huber,1.225,32.79849526575257,32.966712482938256,31.837715377524898,46.9493979387131,0.7551724791878928,21.752041835611323,69.64365322935058,92.14669026332568,0.6178231771750616,0.8615709756956675,-1.6543941604759607,0.46988376188798875,0.5301162381120113,2839,0.40192049713834593,"[0.29722475192447934, 0.5485262879617945]","[30.664768723465844, 33.02428341365225]",0.04304937752489835,-0.19111562247509895,"{""model"": ""sgd_huber"", ""residual_oof_mae"": 32.8039814113214}"
pls_hs_word160_30_geom,sgd_huber,1.1,32.80484126532204,32.966712482938256,31.83859575235211,46.949017681567305,0.7551764450337333,21.46178387972087,69.16007289393171,92.83274364135762,0.615005283550546,0.8605142655864741,-1.4778769208185638,0.46882705177879536,0.5311729482212046,2839,0.40104012231112757,"[0.2611947342033864, 0.5261416206628061]","[30.63036143765463, 33.06769289081705]",0.04392975235210983,-0.19023524764788746,"{""model"": ""sgd_huber"", ""residual_oof_mae"": 32.806463988702205}"
pls_hs_word160_20_basic,sgd_huber,1.5,32.784607205823356,32.966712482938256,31.83861919641901,46.98705121918492,0.754779619797054,21.49927003047256,69.21792175806397,92.07366380116721,0.6146530468474815,0.8615709756956675,-2.105690416421127,0.47657625924621344,0.5234237407537865,2839,0.40101667824423476,"[0.26923610707924983, 0.5288279013036736]","[30.81083030754623, 32.93228213017742]",0.043953196419010965,-0.19021180358098633,"{""model"": ""sgd_huber"", ""residual_oof_mae"": 32.80704232592867}"
pls_hs_word160_24_geom,sgd_huber,1.225,32.79635693146478,32.966712482938256,31.839130073309448,46.989497505284454,0.7547540853228702,21.603002755277515,68.93883918311192,93.13530518972193,0.6171187037689327,0.8598097921803451,-1.867863737106039,0.4734061289186333,0.5265938710813667,2839,0.4005058013537955,"[0.2739704621084833, 0.5372547555149212]","[30.6943027676017, 33.18101277547506]",0.04446407330944879,-0.1897009266905485,"{""model"": ""sgd_huber"", ""residual_oof_mae"": 32.80214002783358}"
pls_hs_word160_20_geom,sgd_huber,1.35,32.78587923274094,32.966712482938256,31.83914332403943,46.990773104948815,0.7547407700133117,21.501491082332862,69.32598901090796,91.93154511628305,0.615005283550546,0.8598097921803451,-1.9826621834169693,0.4779852060584713,0.5220147939415287,2839,0.4004925506238088,"[0.29472049150780955, 0.5508911451808355]","[30.568905434197735, 33.212236764553616]",0.0444773240394305,-0.1896876759605668,"{""model"": ""sgd_huber"", ""residual_oof_mae"": 32.79764921080769}"
pls_hs_word160_32_delta,sgd_huber,1.3,32.841444148493444,32.966712482938256,31.840182600656775,47.04948120728293,0.7541275560754077,21.42172454133072,70.00528341069257,92.42177250161204,0.618879887284255,0.8601620288834096,-1.9343995860824483,0.47164494540331103,0.528355054596689,2839,0.39945327400646646,"[0.2977097779370235, 0.5193706007774689]","[30.749423191567313, 33.29136389219279]",0.0455166006567751,-0.1886483993432222,"{""model"": ""sgd_huber"", ""residual_oof_mae"": 32.847159594465865}"
pls_raw_word160_18_geom,sgd_huber,1.375,32.813448330658204,32.966712482938256,31.84056106079326,47.10751986580488,0.7535205819703358,21.387230200735445,69.67833695944913,93.32987708005538,0.6238112011271575,0.861218738992603,-2.5728183580038184,0.4843254667136316,0.5156745332863685,2839,0.3990748138699873,"[0.2690606701816399, 0.5107759274234311]","[30.608967939489236, 33.079895162649755]",0.04589506079326,-0.1882699392067373,"{""model"": ""sgd_huber"", ""residual_oof_mae"": 32.825555950482375}"
cca_hs_word160_40_basic,huber,0.6000000000000001,32.81571725877719,32.966712482938256,31.840875832808134,46.912748335361385,0.7555545641448326,21.565016686181224,69.30301784114985,92.02360679737868,0.6171187037689327,0.8594575554772808,-0.9684780389567962,0.45755547728073265,0.5424445227192674,2839,0.39876004185511044,"[0.2757656779524687, 0.5324958190252657]","[30.426172419850204, 32.987452727890116]",0.04620983280813462,-0.18795516719186267,"{""model"": ""huber"", ""residual_oof_mae"": 32.903776966894924}"
pls_hs_word160_26_geom,sgd_huber,1.175,32.7990989421946,32.966712482938256,31.840903654886155,46.9913577875914,0.754734666699944,21.429118469042294,68.87834599642228,92.95845552297165,0.6157097569566748,0.8608665022895385,-1.7075501381108389,0.4723494188094399,0.5276505811905601,2839,0.398732219777085,"[0.28643976947885585, 0.5338973197196992]","[30.694162880141622, 33.32440590395984]",0.04623765488615561,-0.18792734511384168,"{""model"": ""sgd_huber"", ""residual_oof_mae"": 32.80370607622774}"
cca_hs_raw_word160_40_basic,huber,0.6000000000000001,32.832775827472176,32.966712482938256,31.84193928891745,46.95503266217957,0.755113708757551,21.34745170704634,69.50894661041278,92.7336564396087,0.6199365973934484,0.8608665022895385,-1.119050440157493,0.45755547728073265,0.5424445227192674,2839,0.3976965857457888,"[0.2829946185143376, 0.5128459139458534]","[30.615148248501477, 33.165599421643016]",0.047273288917452305,-0.186891711082545,"{""model"": ""huber"", ""residual_oof_mae"": 32.90802728299957}"
pls_raw_word160_32_delta,sgd_huber,1.4000000000000001,32.79499537131573,32.966712482938256,31.843328769807517,47.062666419770956,0.7539897294898874,21.525092343885802,69.70992211302031,92.66603317300572,0.6174709404719971,0.8629799225079253,-2.0222456566183844,0.4772807326523424,0.5227192673476576,2839,0.3963071048557233,"[0.27438467837143365, 0.5051950365692905]","[30.444164085954906, 33.22691779884878]",0.04866276980751749,-0.1855022301924798,"{""model"": ""sgd_huber"", ""residual_oof_mae"": 32.80864830549944}"
pls_hs_word160_18_delta,sgd_huber,1.6,32.79677535355341,32.966712482938256,31.843546322941066,47.06055960498611,0.7540117548664101,21.451150796644498,69.41220502638083,92.12167711473235,0.6185276505811905,0.8594575554772808,-2.2519344493794815,0.4772807326523424,0.5227192673476576,2839,0.39608955172217425,"[0.29150954522636585, 0.5056132841953247]","[30.645097786719834, 33.230770854493656]",0.04888032294106637,-0.18528467705893092,"{""model"": ""sgd_huber"", ""residual_oof_mae"": 32.827621432231645}"
pls_raw_word160_26_basic,sgd_huber,1.425,32.81134369070139,32.966712482938256,31.844653396598552,47.10219743363479,0.7535762756632689,21.564790551369924,69.51873901635078,92.81077581047569,0.6231067277210285,0.8608665022895385,-2.4626100886927045,0.484677703416696,0.515322296583304,2839,0.3949824780646916,"[0.25126651620856116, 0.5201131089859407]","[30.545849666362866, 33.12118510618645]",0.04998739659855289,-0.1841776034014444,"{""model"": ""sgd_huber"", ""residual_oof_mae"": 32.82785974035892}"
pls_raw_word160_16_delta,sgd_huber,1.6,32.82541510026783,32.966712482938256,31.84844801256543,47.16381130677259,0.7529311656108932,21.4601040962891,69.74413016045528,93.70028954779663,0.6213455442057062,0.8619232123987319,-2.65458696376498,0.47974638957379356,0.5202536104262064,2839,0.3911878620978097,"[0.24747642369010253, 0.5234384834073321]","[30.217182784772984, 33.42759359264781]",0.05378201256543136,-0.18038298743456593,"{""model"": ""sgd_huber"", ""residual_oof_mae"": 32.851944800064516}"
pls_hs_word160_32_geom,sgd_huber,1.05,32.815109538268665,32.966712482938256,31.84919119755096,46.961581751669655,0.7550453925839828,21.4196267781945,69.34221468816453,92.5619157494811,0.6164142303628038,0.8601620288834096,-1.4788517122183433,0.46777034166960196,0.532229658330398,2839,0.3904446771122802,"[0.265980445809636, 0.5041871478557334]","[30.497306637561316, 33.21115134957013]",0.05452519755096219,-0.1796398024490351,"{""model"": ""sgd_huber"", ""residual_oof_mae"": 32.815512541847184}"
cca_hs_raw_word160_20_geom,huber,0.55,32.854437835781674,32.966712482938256,31.850356756622034,47.037469984041195,0.7542530771980015,21.5941885076561,69.3779425810564,93.37306472048299,0.6195843606903839,0.8615709756956675,-2.00109554995442,0.4734061289186333,0.5265938710813667,2839,0.3892791180412092,"[0.2532340483155651, 0.5035634343308052]","[30.78720353086931, 33.02883772020634]",0.0556907566220346,-0.1784742433779627,"{""model"": ""huber"", ""residual_oof_mae"": 32.935274859532896}"
cca_hs_raw_word160_32_basic,huber,0.625,32.83306767423694,32.966712482938256,31.850812159851774,46.91093463367047,0.7555734648720696,21.477288346399448,69.06041579778471,92.23938778122844,0.6216977809087707,0.8622754491017964,-0.9060583300924494,0.45579429376541036,0.5442057062345896,2839,0.3888237148114659,"[0.2504752389013782, 0.517109266948157]","[30.729423461378055, 32.968990663121566]",0.05614615985177451,-0.17801884014822278,"{""model"": ""huber"", ""residual_oof_mae"": 32.89219870767336}"
pls_raw_word160_32_geom,sgd_huber,1.1500000000000001,32.77446895793967,32.966712482938256,31.850977659146128,46.98889110525387,0.7547604150849856,21.59084056506444,69.35125685089767,91.7433658062429,0.6192321239873195,0.8608665022895385,-1.5764045986893653,0.4712927087002466,0.5287072912997535,2839,0.3886582155171138,"[0.22487047765037288, 0.5316946331331369]","[30.723958033605697, 33.33697301293904]",0.05631165914612879,-0.1778533408538685,"{""model"": ""sgd_huber"", ""residual_oof_mae"": 32.77792228799073}"
pls_hs_word160_18_basic,sgd_huber,1.5250000000000001,32.782302919937514,32.966712482938256,31.851167822654357,46.988636101190174,0.7547630768596975,21.535243884200497,69.41542180387654,92.19646868445447,0.6143008101444171,0.8622754491017964,-2.0366768368114583,0.476224022543149,0.523775977456851,2839,0.38846805200888385,"[0.26395854541678676, 0.5332194419256399]","[30.57310974717544, 33.214432439470635]",0.05650182265435788,-0.1776631773456394,"{""model"": ""sgd_huber"", ""residual_oof_mae"": 32.80677799363743}"
pls_hs_raw_word160_36_basic,sgd_huber,1.2000000000000002,32.78003238624337,32.966712482938256,31.85161595378432,46.9490498942063,0.755176109077162,21.590680807733037,69.65357932204216,92.165029454308,0.6213455442057062,0.8629799225079253,-1.6179186710861888,0.4681225783726664,0.5318774216273335,2839,0.38801992087892523,"[0.2680727359163513, 0.5323398886493208]","[30.610361238820214, 33.024608373642344]",0.056949953784322105,-0.1772150462156752,"{""model"": ""sgd_huber"", ""residual_oof_mae"": 32.785557267632726}"
pls_hs_word160_18_geom,sgd_huber,1.35,32.78277304204124,32.966712482938256,31.855493613443453,46.99324479000428,0.7547149683728458,21.510289290753292,69.32486554456196,91.97158365210615,0.6164142303628038,0.8601620288834096,-1.9714369056423315,0.47657625924621344,0.5234237407537865,2839,0.38414226121978956,"[0.24290177440135058, 0.5078860649843815]","[30.653096793150823, 33.191466841379494]",0.060827613443454,-0.1733373865565433,"{""model"": ""sgd_huber"", ""residual_oof_mae"": 32.79595310570329}"
pls_hs_raw_word160_18_delta,sgd_huber,1.6,32.75745104945079,32.966712482938256,31.855541437189995,47.0927152818285,0.7536754808849662,21.55361687494168,68.93640987487343,92.21950985742453,0.6209933075026418,0.8619232123987319,-2.48762461546842,0.4779852060584713,0.5220147939415287,2839,0.3840944374732486,"[0.25813640373075447, 0.5462003143029257]","[30.525466227789895, 33.13682627052281]",0.06087543718999555,-0.17328956281000174,"{""model"": ""sgd_huber"", ""residual_oof_mae"": 32.7933493760475}"
pls_hs_word160_16_delta,sgd_huber,1.6,32.79738331807603,32.966712482938256,31.855799709211926,47.070967873896485,0.7539029335963451,21.51030670327924,69.42110391928546,92.4557623334429,0.618879887284255,0.8591053187742163,-2.246650802691137,0.47411060232476226,0.5258893976752378,2839,0.3838361654513181,"[0.26313701676513773, 0.5182637693641973]","[30.596817844716497, 33.19079742027899]",0.0611337092119264,-0.1730312907880709,"{""model"": ""sgd_huber"", ""residual_oof_mae"": 32.82943558913062}"
pls_hs_raw_word160_24_geom,sgd_huber,1.2000000000000002,32.771418213780024,32.966712482938256,31.85590305542858,47.05205404448244,0.7541006649365476,21.345097680675337,69.09725428330145,91.83322106303036,0.6192321239873195,0.8587530820711519,-2.315875060632821,0.47657625924621344,0.5234237407537865,2839,0.38373281923466623,"[0.24461181916235084, 0.5068147074585944]","[30.769268410825887, 33.11022204209457]",0.061237055428581044,-0.17292794457141625,"{""model"": ""sgd_huber"", ""residual_oof_mae"": 32.77732859960953}"
pls_hs_raw_word160_22_geom,sgd_huber,1.2750000000000001,32.759716680487585,32.966712482938256,31.855999156370487,47.04629746748366,0.7541608302956614,21.292574052911775,69.00473455359362,91.74239960702401,0.6199365973934484,0.8601620288834096,-2.3130449244710842,0.47763296935540683,0.5223670306445932,2839,0.38363671829275514,"[0.24370387429320609, 0.5187718186625397]","[30.760513030551138, 33.09961719934244]",0.06133315637048753,-0.17283184362950976,"{""model"": ""sgd_huber"", ""residual_oof_mae"": 32.7694049209779}"
pls_hs_raw_word160_20_delta,sgd_huber,1.6,32.761678386078486,32.966712482938256,31.85632164600406,47.08848312912358,0.7537197525363424,21.5803591222599,69.27424821089058,92.54759736825676,0.6199365973934484,0.8626276858048608,-2.509949857860553,0.4786896794646002,0.5213103205353998,2839,0.3833142286591842,"[0.24710767334554415, 0.5181543552081792]","[30.747136951048024, 33.13873698180059]",0.06165564600405915,-0.17250935399593814,"{""model"": ""sgd_huber"", ""residual_oof_mae"": 32.794032509465}"
pls_raw_word160_20_basic,sgd_huber,1.5750000000000002,32.81656004192625,32.966712482938256,31.85645297717783,47.13205085843787,0.7532638094161194,21.400116247790038,69.57911072739542,93.24579820300836,0.6206410707995773,0.8615709756956675,-2.5726781458834345,0.4857344135258894,0.5142655864741106,2839,0.38318289748541046,"[0.24504045401311964, 0.5302071984079358]","[30.357698188666713, 33.31512642628437]",0.06178697717783166,-0.17237802282216563,"{""model"": ""sgd_huber"", ""residual_oof_mae"": 32.83811297709189}"
pls_raw_word160_22_basic,sgd_huber,1.5,32.81925534825851,32.966712482938256,31.856893359251945,47.12592456500109,0.7533279475148811,21.427132590638223,69.33533968923902,93.32037484980954,0.6209933075026418,0.8622754491017964,-2.470169565431171,0.48256428319830924,0.5174357168016908,2839,0.38274251541129584,"[0.2318219286163798, 0.5209376294293535]","[30.664661126151817, 33.06026336441729]",0.06222735925194556,-0.17193764074805173,"{""model"": ""sgd_huber"", ""residual_oof_mae"": 32.838043193108824}"
pls_hs_raw_word160_40_basic,sgd_huber,1.175,32.7814430386044,32.966712482938256,31.858014511262322,46.984182940805894,0.7548095573576548,21.441886863538116,69.50311038030038,92.117697050103,0.6195843606903839,0.861218738992603,-1.557336855586831,0.4681225783726664,0.5318774216273335,2839,0.38162136340092084,"[0.19736994344097683, 0.5262192193678046]","[30.534185799149313, 32.87151896913381]",0.06334851126232266,-0.17081648873767463,"{""model"": ""sgd_huber"", ""residual_oof_mae"": 32.785746433410466}"
pls_hs_raw_word160_26_geom,sgd_huber,1.225,32.75841405528114,32.966712482938256,31.858879184946165,47.02086748281237,0.7544265258780274,21.54613666473847,68.99913761294465,91.40892849267495,0.6178231771750616,0.8594575554772808,-2.0049016121732812,0.47411060232476226,0.5258893976752378,2839,0.3807566897170783,"[0.25032773796153496, 0.513261183117134]","[30.65200991245097, 33.23081912110479]",0.06421318494616557,-0.16995181505383172,"{""model"": ""sgd_huber"", ""residual_oof_mae"": 32.76466873691271}"
pls_hs_raw_word160_28_geom,sgd_huber,1.1500000000000001,32.76579093566395,32.966712482938256,31.860089469645725,46.989343410406974,0.7547556938132443,21.525173648562003,69.04695358511411,91.37183670136733,0.6206410707995773,0.8591053187742163,-1.7254222685137164,0.4684748150757309,0.5315251849242691,2839,0.3795464050175176,"[0.24930440965352454, 0.5006707625561373]","[30.706192568379652, 32.972297663746645]",0.06542346964572587,-0.16874153035427142,"{""model"": ""sgd_huber"", ""residual_oof_mae"": 32.769467053383316}"
cca_hs_word160_32_geom,huber,0.5,32.83221910777665,32.966712482938256,31.860588428823444,46.9158049417307,0.7555227093572198,21.547160496482803,69.42865318336086,91.59030538162885,0.6181754138781261,0.8591053187742163,-0.8162147802954957,0.45262416343783024,0.5473758365621698,2839,0.37904744583979555,"[0.2706195067695884, 0.49862704560739257]","[30.80845540223626, 33.12127532741485]",0.06592242882344479,-0.1682425711765525,"{""model"": ""huber"", ""residual_oof_mae"": 32.986527642697695}"
pls_hs_word160_16_basic,sgd_huber,1.5750000000000002,32.788839339282646,32.966712482938256,31.862063142034806,46.99817545399063,0.75466349367579,21.494069287214415,69.4424553436242,92.43140108969439,0.615005283550546,0.8608665022895385,-1.979965198886987,0.47411060232476226,0.5258893976752378,2839,0.3775727326284343,"[0.2649997422364789, 0.5080425872189284]","[30.630608817540327, 32.98817361491287]",0.06739714203480673,-0.16676785796519056,"{""model"": ""sgd_huber"", ""residual_oof_mae"": 32.81418883869732}"
cca_hs_word160_16_basic,huber,0.7250000000000001,32.85165778453118,32.966712482938256,31.86256503017745,47.13626643811613,0.7532196703401471,21.342355903325796,69.60588747759799,93.21573139558382,0.6171187037689327,0.8587530820711519,-1.8821575038839085,0.4744628390278267,0.5255371609721733,2839,0.3770708444857949,"[0.24981436892852069, 0.4836886583732414]","[30.869998464836268, 33.18834780434174]",0.06789903017745047,-0.16626596982254682,"{""model"": ""huber"", ""residual_oof_mae"": 32.87014500675523}"
pls_hs_raw_word160_30_geom,sgd_huber,1.1500000000000001,32.760040215699426,32.966712482938256,31.86522955533404,46.95664202017256,0.7550969217832146,21.61211821194928,68.83482133630476,91.17493409916904,0.6195843606903839,0.8598097921803451,-1.4801648418162754,0.46706586826347307,0.5329341317365269,2839,0.3744063193292047,"[0.21547014816076548, 0.5283084264908264]","[30.669415217519692, 33.22331277398982]",0.07056355533404002,-0.16360144466595727,"{""model"": ""sgd_huber"", ""residual_oof_mae"": 32.763216371206404}"
pls_raw_word160_24_basic,sgd_huber,1.425,32.82848537141701,32.966712482938256,31.868766154017273,47.13456251762186,0.7532375116539753,21.46134696567034,69.51671712243534,93.3807877227065,0.6199365973934484,0.8615709756956675,-2.3238148619106465,0.48009862627685806,0.5199013737231419,2839,0.3708697206459741,"[0.24279493326286444, 0.49216954027472204]","[30.62901098601212, 33.36724932011453]",0.07410015401727321,-0.16006484598272408,"{""model"": ""sgd_huber"", ""residual_oof_mae"": 32.84298992214872}"
pls_hs_word160_16_geom,sgd_huber,1.4000000000000001,32.78670785901474,32.966712482938256,31.869477892558233,47.00193908119174,0.7546241988686628,21.546240184172518,69.28623652921577,92.5622728787507,0.6167664670658682,0.8608665022895385,-1.9373898613406593,0.47692849594927794,0.5230715040507221,2839,0.37015798210500395,"[0.24572104361396244, 0.4958245298019626]","[30.624716601254093, 33.22883160778547]",0.07481189255823395,-0.15935310744176334,"{""model"": ""sgd_huber"", ""residual_oof_mae"": 32.801858301589775}"
cca_hs_raw_word160_16_geom,huber,0.525,32.88226924061241,32.966712482938256,31.87129551436124,47.14532839227255,0.7531247741097602,21.592886920916527,69.76772801141254,93.32775100733119,0.6153575202536105,0.8629799225079253,-2.2403119027263587,0.47657625924621344,0.5234237407537865,2839,0.36834036030200534,"[0.26644063132787493, 0.4878348876010956]","[30.675365530538368, 33.32198107771741]",0.07662951436124033,-0.15753548563875697,"{""model"": ""huber"", ""residual_oof_mae"": 32.938322987909494}"
pls_raw_word160_16_geom,sgd_huber,1.35,32.82603029773481,32.966712482938256,31.873336394617017,47.133159341104765,0.75325220347062,21.374993815854594,69.73939390490331,93.21744956775048,0.6202888340965128,0.8608665022895385,-2.3775098801926644,0.47974638957379356,0.5202536104262064,2839,0.3662994800462261,"[0.24725204943428009, 0.5144275996392892]","[30.771848877003958, 33.46306394020591]",0.07867039461701708,-0.1554946053829802,"{""model"": ""sgd_huber"", ""residual_oof_mae"": 32.83615400769219}"
pls_hs_raw_word160_32_geom,sgd_huber,1.075,32.77497267067768,32.966712482938256,31.87334495235905,46.97810188252824,0.7548730221574228,21.51799778556827,69.04760199761394,90.94599638335693,0.6202888340965128,0.8598097921803451,-1.3907872371303522,0.46460021134202184,0.5353997886579782,2839,0.3662909223041948,"[0.24035829785882865, 0.4900274497881874]","[30.56950413973029, 33.1537161856584]",0.07867895235905209,-0.1554860476409452,"{""model"": ""sgd_huber"", ""residual_oof_mae"": 32.77583268886651}"
pls_hs_word160_36_geom,sgd_huber,0.9750000000000001,32.82234112107613,32.966712482938256,31.87367074105236,46.9763225293894,0.754891590774705,21.484630941289325,69.38570007208727,92.41989064977793,0.6143008101444171,0.8601620288834096,-1.3544368003889715,0.46565692145121523,0.5343430785487848,2839,0.36596513361087923,"[0.2437021142929407, 0.473951468340568]","[30.54782006217993, 33.08112736148093]",0.079004741052362,-0.1551602589476353,"{""model"": ""sgd_huber"", ""residual_oof_mae"": 32.82236534281268}"
pls_hs_word160_40_delta,sgd_huber,1.1,32.85377997811735,32.966712482938256,31.874192829368692,47.09089013895685,0.7536945738051977,21.432863477730194,69.6076983514065,92.87054522368967,0.6195843606903839,0.8605142655864741,-1.6660818220168068,0.4674181049665375,0.5325818950334625,2839,0.36544304529455507,"[0.2476923155737934, 0.4744603303561429]","[30.64853078318437, 33.08986673557824]",0.07952682936869238,-0.15463817063130492,"{""model"": ""sgd_huber"", ""residual_oof_mae"": 32.854614395540345}"
cca_hs_raw_word160_28_basic,huber,0.625,32.84052238265375,32.966712482938256,31.875202762692403,46.999566167965696,0.7546489740501778,21.591547744623227,69.15003278302288,92.9553282072368,0.6209933075026418,0.8619232123987319,-1.0335819219273055,0.45755547728073265,0.5424445227192674,2839,0.3644331119708382,"[0.2615723367165809, 0.4709506502034392]","[30.553178615626393, 32.93750935905538]",0.08053676269240384,-0.15362823730759345,"{""model"": ""huber"", ""residual_oof_mae"": 32.887943578682346}"
cca_hs_word160_20_geom,huber,0.6000000000000001,32.81402243411933,32.966712482938256,31.876219596766905,46.9526166917391,0.7551389083064234,21.55301555989798,69.56980392467675,91.75114752886718,0.6153575202536105,0.861218738992603,-1.2356935643444047,0.46178231771750616,0.5382176822824938,2839,0.36341627789634,"[0.248240669628618, 0.4925159963455524]","[30.575856837095756, 33.10617916586482]",0.08155359676690566,-0.15261140323309164,"{""model"": ""huber"", ""residual_oof_mae"": 32.88620221013879}"
cca_hs_word160_24_geom,huber,0.5750000000000001,32.80973821225714,32.966712482938256,31.876799477309874,46.93620241389504,0.7553100815330238,21.40927926451141,69.34570055557425,92.61079634703448,0.6153575202536105,0.8605142655864741,-0.9011820904845459,0.4561465304684748,0.5438534695315251,2839,0.3628363973533719,"[0.23017030824454993, 0.4759323764567618]","[30.429754074479508, 33.113088116476696]",0.08213347730987408,-0.1520315226901232,"{""model"": ""huber"", ""residual_oof_mae"": 32.90765329948234}"
pls_hs_word160_40_basic,sgd_huber,1.175,32.79534629833442,32.966712482938256,31.877740400601812,46.997009913130256,0.7546756620705911,21.649835515524046,69.71003043144641,92.07841305594053,0.6164142303628038,0.8601620288834096,-1.6063129623457983,0.46953152518492425,0.5304684748150758,2839,0.3618954740614268,"[0.23860809614260245, 0.4845271676216272]","[30.589999059295852, 32.888535511296745]",0.08307440060181293,-0.15109059939818437,"{""model"": ""sgd_huber"", ""residual_oof_mae"": 32.79941553034589}"
cca_hs_word160_28_geom,huber,0.525,32.82699341369311,32.966712482938256,31.8779211802918,46.94240818224978,0.7552453728748987,21.388187463227965,69.60737259779081,91.96210396321418,0.6160619936597393,0.8591053187742163,-0.804455619162202,0.4529764001408947,0.5470235998591053,2839,0.3617146943714421,"[0.24216893646201423, 0.47514368517129363]","[30.56757897691776, 33.07225265484077]",0.08325518029180046,-0.15090981970819684,"{""model"": ""huber"", ""residual_oof_mae"": 32.961781149253376}"
pls_hs_raw_word160_24_delta,sgd_huber,1.5,32.76934017939665,32.966712482938256,31.878186812953313,47.12469566479638,0.7533408122548804,21.585744105079954,69.47751589554498,92.41716464231332,0.6195843606903839,0.8605142655864741,-2.61650236242958,0.4822120464952448,0.5177879535047551,2839,0.36144906170993196,"[0.22696832020215674, 0.5037722582382651]","[30.52029179780486, 33.30164075588593]",0.0835208129533136,-0.1506441870466837,"{""model"": ""sgd_huber"", ""residual_oof_mae"": 32.793985444626074}"
cca_hs_word160_20_basic,huber,0.7250000000000001,32.816803153815364,32.966712482938256,31.87846492100206,47.03585421579802,0.7542699600471023,21.4942605200892,69.07369823902806,92.06672824968076,0.6202888340965128,0.8598097921803451,-1.3808000148276565,0.46565692145121523,0.5343430785487848,2839,0.36117095366118057,"[0.22297613646813202, 0.4825686856814451]","[30.61148730568631, 33.09633714452173]",0.08379892100206021,-0.15036607899793708,"{""model"": ""huber"", ""residual_oof_mae"": 32.84187503338932}"
cca_hs_raw_word160_12_geom,huber,0.5750000000000001,32.88317055829549,32.966712482938256,31.87935745341641,47.141039900086696,0.7531696852116996,21.674691072470125,69.61751745844222,92.47867030784404,0.6167664670658682,0.8619232123987319,-2.3234191402027187,0.4755195491370201,0.5244804508629799,2839,0.36027842124683307,"[0.2534452275390335, 0.4831698408602967]","[30.719061546841253, 33.17294896311918]",0.08469145341641138,-0.14947354658358591,"{""model"": ""huber"", ""residual_oof_mae"": 32.924211202852646}"
pls_hs_word160_36_delta,sgd_huber,1.1500000000000001,32.85237383620374,32.966712482938256,31.880158758393364,47.08342553771372,0.7537726537083276,21.449799098823817,69.75329705491234,92.79484386995,0.6185276505811905,0.8598097921803451,-1.7142759202573707,0.46777034166960196,0.532229658330398,2839,0.3594771162698793,"[0.24114218396715548, 0.4624232496700632]","[30.673771263712613, 33.30051330609042]",0.08549275839336445,-0.14867224160663284,"{""model"": ""sgd_huber"", ""residual_oof_mae"": 32.85418281316056}"
pls_raw_word160_28_basic,sgd_huber,1.375,32.79632892706066,32.966712482938256,31.881393240649146,47.040028781296556,0.7542263396351467,21.579753859438085,69.2369430217729,91.8521705653294,0.6220500176118352,0.8601620288834096,-1.8689831272696986,0.47692849594927794,0.5230715040507221,2839,0.358242634014097,"[0.22957236510413476, 0.4958925954767454]","[30.59575941386346, 33.029936655579576]",0.08672724064914661,-0.14743775935085068,"{""model"": ""sgd_huber"", ""residual_oof_mae"": 32.80908633282705}"
cca_hs_word160_16_geom,huber,0.6000000000000001,32.84222729159375,32.966712482938256,31.882880564961667,47.010155588068784,0.754538402060319,21.64632723091529,69.66837687590164,92.5697157459566,0.6157097569566748,0.8605142655864741,-1.4451896282175454,0.46565692145121523,0.5343430785487848,2839,0.3567553097015756,"[0.25196828977104446, 0.4385389189389769]","[30.85091797914705, 33.103150103534055]",0.08821456496166746,-0.14595043503832983,"{""model"": ""huber"", ""residual_oof_mae"": 32.89491627454204}"
pls_hs_raw_word160_28_delta,sgd_huber,1.4500000000000002,32.780134990793485,32.966712482938256,31.88372300270682,47.0986207505182,0.7536136983806286,21.635054480643305,69.807337421565,92.05734807840109,0.6202888340965128,0.8605142655864741,-2.3315875126611205,0.47657625924621344,0.5234237407537865,2839,0.35591287195642246,"[0.2184615742743688, 0.48258989169773703]","[30.66668122175811, 33.286057951600924]",0.08905700270682004,-0.14510799729317725,"{""model"": ""sgd_huber"", ""residual_oof_mae"": 32.798576890775635}"
pls_raw_word160_36_delta,sgd_huber,1.375,32.783030734860155,32.966712482938256,31.88403366465108,47.083564377694195,0.7537712015518643,21.532157861429738,69.77415462925332,92.37665668352275,0.6199365973934484,0.8608665022895385,-1.7539540076485094,0.4712927087002466,0.5287072912997535,2839,0.3556022100121599,"[0.22219573446640598, 0.48108607334279785]","[30.666004726155165, 33.08372828303986]",0.08936766465108192,-0.14479733534891537,"{""model"": ""sgd_huber"", ""residual_oof_mae"": 32.79657432083807}"
pls_hs_raw_word160_26_delta,sgd_huber,1.475,32.76458820711033,32.966712482938256,31.886396489045378,47.10920430205131,0.7535029547936243,21.578968589038055,69.32207483919288,92.08374625530797,0.6174709404719971,0.861218738992603,-2.4218230280797894,0.47692849594927794,0.5230715040507221,2839,0.35323938561786183,"[0.1990443464974371, 0.5094695677009887]","[30.688706891527307, 33.2146254696493]",0.0917304890453785,-0.1424345109546188,"{""model"": ""sgd_huber"", ""residual_oof_mae"": 32.78888231743259}"
pls_hs_raw_word160_22_delta,sgd_huber,1.55,32.76426099895606,32.966712482938256,31.886463663587108,47.127869026899994,0.7533075912329702,21.553889680571622,69.45531904419228,92.35125257187359,0.6206410707995773,0.8608665022895385,-2.5359535803078677,0.4804508629799225,0.5195491370200775,2839,0.3531722110761408,"[0.2188119597214689, 0.48854605431133885]","[30.623179413623212, 33.016868261311856]",0.0917976635871085,-0.1423673364128888,"{""model"": ""sgd_huber"", ""residual_oof_mae"": 32.79352417906998}"
cca_hs_raw_word160_28_geom,huber,0.47500000000000003,32.85784225118284,32.966712482938256,31.888917281317145,47.02874435961834,0.7543442426652265,21.55315407015405,69.29267364944747,93.04231953547082,0.6157097569566748,0.8622754491017964,-1.4402633984997115,0.4621345544205706,0.5378654455794294,2839,0.35071859334609173,"[0.24903285951128346, 0.45024848976831783]","[30.695211191881544, 33.20506618715421]",0.09425128131714544,-0.13991371868285185,"{""model"": ""huber"", ""residual_oof_mae"": 33.00524080254794}"
pls_hs_raw_word160_30_delta,sgd_huber,1.4000000000000001,32.77869097178452,32.966712482938256,31.892529452244784,47.08213170456719,0.7537861859745718,21.65662600487198,69.62669969982076,92.18490240204548,0.6209933075026418,0.8615709756956675,-2.0910766542308723,0.4727016555125044,0.5272983444874956,2839,0.347106422418462,"[0.2055752266521196, 0.47928712112509964]","[30.625470337264062, 33.349020814855194]",0.0978634522447841,-0.1363015477552132,"{""model"": ""sgd_huber"", ""residual_oof_mae"": 32.79482813293073}"
pls_raw_word160_18_basic,sgd_huber,1.6,32.81728750328616,32.966712482938256,31.89279663752663,47.1682768614516,0.7528843775507232,21.381106183753403,69.7395846353924,93.10428674913844,0.6202888340965128,0.8619232123987319,-2.6227655812120116,0.4885523071504051,0.5114476928495949,2839,0.3468392371366123,"[0.22003636693984036, 0.48354581043872785]","[30.74983825317675, 33.60204223585984]",0.09813063752662998,-0.1360343624733673,"{""model"": ""sgd_huber"", ""residual_oof_mae"": 32.840351946098075}"
pls_raw_word160_30_basic,sgd_huber,1.425,32.7870668733831,32.966712482938256,31.893943383480682,47.042832270937346,0.7541970435458001,21.571407304602843,69.31267829855085,91.19999961330439,0.6206410707995773,0.8608665022895385,-1.8372802525468526,0.4719971821063755,0.5280028178936245,2839,0.34569249118256096,"[0.21946157975331282, 0.47954595516925264]","[30.63098742748889, 33.095372967861344]",0.0992773834806826,-0.1348876165193147,"{""model"": ""sgd_huber"", ""residual_oof_mae"": 32.80269373218326}"
cca_hs_raw_word160_24_basic,huber,0.65,32.83238849238485,32.966712482938256,31.89598789324927,47.02352045534783,0.7543988140089637,21.566942160134175,69.28427714042314,93.1014338724246,0.6199365973934484,0.8622754491017964,-0.9395141523240644,0.45649876717153925,0.5435012328284607,2839,0.34364798141396785,"[0.24145754358479207, 0.4558250132612921]","[30.55350836972588, 33.08434886174808]",0.10132189324927054,-0.13284310675072675,"{""model"": ""huber"", ""residual_oof_mae"": 32.872178305220956}"
pls_hs_word160_40_geom,sgd_huber,0.9750000000000001,32.82092605903098,32.966712482938256,31.89675936337669,47.003229081463225,0.7546107296714331,21.406950514441007,69.6391946559699,92.187982563848,0.615005283550546,0.8594575554772808,-1.3135342908161038,0.4684748150757309,0.5315251849242691,2839,0.34287651128655044,"[0.22452892695841112, 0.4722978731727056]","[30.642456333278847, 33.08482309990084]",0.10209336337669228,-0.132071636623305,"{""model"": ""sgd_huber"", ""residual_oof_mae"": 32.82107991241642}"
cca_hs_raw_word160_32_geom,sgd_huber,0.925,32.86805423322612,32.966712482938256,31.89771940374132,47.03875668544167,0.7542396322897326,21.392496257802236,69.27367796672563,93.15670107858948,0.6171187037689327,0.8584008453680874,-1.4578053177167838,0.4621345544205706,0.5378654455794294,2839,0.34191647092192473,"[0.24609208446523387, 0.44361077037632074]","[30.6831875214602, 33.19104062299961]",0.10305340374132044,-0.13111159625867685,"{""model"": ""sgd_huber"", ""residual_oof_mae"": 32.868957311387305}"
pls_raw_word160_36_geom,sgd_huber,1.075,32.7722236972859,32.966712482938256,31.900107453447387,47.01969268610768,0.7544387968257826,21.62772922130398,69.44320328382683,91.38397626014522,0.6185276505811905,0.8601620288834096,-1.2359746454468878,0.4660091581542797,0.5339908418457203,2839,0.3395284212158559,"[0.17561487105363094, 0.4851729648566058]","[30.63133092013636, 33.14534064126334]",0.10544145344738709,-0.1287235465526102,"{""model"": ""sgd_huber"", ""residual_oof_mae"": 32.77339923254225}"
pls_hs_raw_word160_36_geom,sgd_huber,1.0250000000000001,32.771954421451774,32.966712482938256,31.90178492517917,46.99410350174991,0.7547060040605047,21.529060572659233,69.3112333723657,91.21800084374368,0.6202888340965128,0.8598097921803451,-1.3904999942459777,0.4663613948573441,0.5336386051426558,2839,0.3378509494840732,"[0.1974156061047901, 0.45486974101568384]","[30.69531288784098, 33.22071133556202]",0.10711892517917221,-0.12704607482082508,"{""model"": ""sgd_huber"", ""residual_oof_mae"": 32.77213600148217}"
pls_hs_raw_word160_16_basic,sgd_huber,1.5750000000000002,32.82226372527367,32.966712482938256,31.903735695598076,47.095027579920504,0.7536512907444948,21.45404305480008,69.46649979336314,92.35647703361839,0.6153575202536105,0.8622754491017964,-1.6808772582988745,0.47375836562169776,0.5262416343783022,2839,0.33590017906516506,"[0.19986905562867055, 0.46059348183261145]","[30.488278762091355, 33.19729297788859]",0.10906969559807678,-0.12509530440192052,"{""model"": ""sgd_huber"", ""residual_oof_mae"": 32.84171987755856}"
cca_hs_raw_word160_24_geom,huber,0.5,32.845813756061446,32.966712482938256,31.904103822835374,47.04314932744054,0.7541937302381309,21.5720177613656,69.43269737362972,93.34215105171896,0.6171187037689327,0.861218738992603,-1.4735127044669538,0.46565692145121523,0.5343430785487848,2839,0.33553205182786877,"[0.23933681979111854, 0.4431066916460348]","[30.74762127246602, 32.98773361867208]",0.10943782283537473,-0.12472717716462256,"{""model"": ""huber"", ""residual_oof_mae"": 32.96714305749314}"
pls_hs_raw_word160_32_delta,sgd_huber,1.35,32.79096014080435,32.966712482938256,31.906608709885212,47.107246411691335,0.7535234435353397,21.721116028171096,69.80684999619059,92.74802075385742,0.6206410707995773,0.8608665022895385,-2.004311407950785,0.4709404719971821,0.5290595280028179,2839,0.33302716477802974,"[0.20791148507744084, 0.47734934811621016]","[30.81150515300282, 33.137528155573065]",0.11194270988521282,-0.12222229011478447,"{""model"": ""sgd_huber"", ""residual_oof_mae"": 32.8036600308721}"
pls_hs_raw_word160_40_geom,sgd_huber,0.9750000000000001,32.775648551461664,32.966712482938256,31.907016879681464,47.02859365135766,0.7543458171190247,21.614578251821513,69.29364998770788,90.78714544774817,0.6181754138781261,0.8591053187742163,-1.3137756434360865,0.4638957379358929,0.5361042620641071,2839,0.33261899498178027,"[0.20706900933947067, 0.4762599281657997]","[30.371241544343476, 33.16153988564541]",0.11235087968146473,-0.12181412031853256,"{""model"": ""sgd_huber"", ""residual_oof_mae"": 32.77568600704987}"
cca_hs_raw_word160_16_basic,huber,0.7000000000000001,32.883964570698055,32.966712482938256,31.909596747278396,47.222022912433616,0.7523209032605724,21.395229789918943,69.50521802749486,92.71006360479629,0.6192321239873195,0.8598097921803451,-1.9660858418418827,0.4709404719971821,0.5290595280028179,2839,0.330039127384848,"[0.23019202928415286, 0.4539187019400506]","[30.57692369703418, 33.45777307518892]",0.1149307472783967,-0.1192342527216006,"{""model"": ""huber"", ""residual_oof_mae"": 32.90083218015001}"
cca_hs_word160_12_basic,huber,0.8,32.85138064401453,32.966712482938256,31.90969279771816,47.21586728287984,0.752385471498132,21.399161939297755,69.59441109810699,93.07304940128651,0.618879887284255,0.8587530820711519,-2.1921646372819494,0.4734061289186333,0.5265938710813667,2839,0.3299430769450825,"[0.2112491528319524, 0.4714609154331973]","[30.605282130123168, 33.081247966014864]",0.11502679771816204,-0.11913820228183525,"{""model"": ""huber"", ""residual_oof_mae"": 32.8592130340689}"
pls_raw_word160_32_basic,sgd_huber,1.375,32.792669547870865,32.966712482938256,31.910823805538566,47.04081364879251,0.7542181380514463,21.568377509735996,69.48488710316322,91.14423072701346,0.618879887284255,0.861218738992603,-1.7055393402054235,0.4702359985910532,0.5297640014089469,2839,0.32881206912467226,"[0.1843731159020231, 0.47300401188843744]","[30.78142019434868, 33.42981757204199]",0.1161578055385668,-0.11800719446143049,"{""model"": ""sgd_huber"", ""residual_oof_mae"": 32.806820998105216}"
pls_hs_raw_word160_40_delta,sgd_huber,1.25,32.79065216612996,32.966712482938256,31.91360944129377,47.11634972564934,0.7534281728308706,21.844423304464016,69.54361737337274,92.35832053217733,0.6227544910179641,0.8608665022895385,-1.8437692333971554,0.46882705177879536,0.5311729482212046,2839,0.32602643336947895,"[0.18775511094866273, 0.47070965994604164]","[30.777843751576732, 33.169013753624384]",0.11894344129376933,-0.11522155870622797,"{""model"": ""sgd_huber"", ""residual_oof_mae"": 32.79783214223778}"
cca_hs_word160_40_geom,huber,0.42500000000000004,32.84680192930107,32.966712482938256,31.91506937979643,46.977603946195394,0.7548782184925948,21.57763553039355,69.60692432969536,92.34398164173862,0.6171187037689327,0.8576963719619585,-0.7108128217301929,0.4529764001408947,0.5470235998591053,2839,0.3245664948668147,"[0.2189676132892173, 0.42022070386214316]","[30.72089384914743, 33.31428014673158]",0.12040337979643212,-0.11376162020356517,"{""model"": ""huber"", ""residual_oof_mae"": 33.05553862678006}"
cca_hs_raw_word160_12_basic,huber,0.75,32.8741755579246,32.966712482938256,31.916151583047814,47.223354941683475,0.7523069300999924,21.592465873941478,69.50960087995396,92.66831182275182,0.6195843606903839,0.8605142655864741,-2.0971242887463406,0.4734061289186333,0.5265938710813667,2839,0.32348429161543074,"[0.20223764207202466, 0.43091614051515725]","[30.73728828437275, 33.259635008764064]",0.12148558304781432,-0.11267941695218298,"{""model"": ""huber"", ""residual_oof_mae"": 32.88399041258857}"
pls_raw_word160_40_geom,sgd_huber,1.05,32.76723096612567,32.966712482938256,31.916651684063325,47.025608446499355,0.7543770026055027,21.67397062579198,69.466288501825,91.99921763141481,0.618879887284255,0.8591053187742163,-1.2379609133827185,0.4660091581542797,0.5339908418457203,2839,0.32298419059992123,"[0.1821410391321511, 0.4736941215860126]","[30.79185342776025, 33.04072002517306]",0.12198568406332555,-0.11217931593667174,"{""model"": ""sgd_huber"", ""residual_oof_mae"": 32.76798870836513}"
pls_raw_word160_16_basic,sgd_huber,1.6,32.83564292172578,32.966712482938256,31.91723149499955,47.180138467950265,0.7527600754974197,21.48007985170824,69.51768689211355,93.35433281954272,0.6178231771750616,0.8605142655864741,-2.326005874284047,0.48080309968298696,0.519196900317013,2839,0.3224043796636882,"[0.19921471119974157, 0.4522036095731733]","[30.696954455285393, 33.38798080242276]",0.12256549499955227,-0.11159950500044502,"{""model"": ""sgd_huber"", ""residual_oof_mae"": 32.85586997493358}"
cca_hs_word160_12_geom,huber,0.65,32.85156402297453,32.966712482938256,31.917350865758937,47.080759365242834,0.7538005389344995,21.64011858903551,69.72594604717618,92.8363799930957,0.6178231771750616,0.861218738992603,-1.5759878504476972,0.4663613948573441,0.5336386051426558,2839,0.32228500890430367,"[0.21357834175107582, 0.4389745010106179]","[30.74136562128616, 33.247994366337366]",0.12268486575893789,-0.1114801342410594,"{""model"": ""huber"", ""residual_oof_mae"": 32.886947530212964}"
pls_hs_raw_word160_36_delta,sgd_huber,1.3250000000000002,32.78365987758134,32.966712482938256,31.918967966555073,47.122995874932805,0.7533586059496575,21.711627235224427,69.55797256391303,93.14388691861373,0.6199365973934484,0.8601620288834096,-2.0372995120782513,0.46988376188798875,0.5301162381120113,2839,0.32066790810817075,"[0.17864398616509158, 0.44565737637750713]","[30.57031143654119, 33.27683542504017]",0.1243019665550733,-0.10986303344492399,"{""model"": ""sgd_huber"", ""residual_oof_mae"": 32.79483194008529}"
pls_raw_word160_40_delta,sgd_huber,1.3,32.78179196320342,32.966712482938256,31.91927430934582,47.10928701608283,0.7535020891970782,21.491574538776746,69.54099484102977,92.00960649149665,0.6178231771750616,0.8608665022895385,-1.6871117827880706,0.4691792884818598,0.5308207115181401,2839,0.32036156531741916,"[0.18214255264901508, 0.4265164910184475]","[30.56265022671023, 33.098727144136916]",0.12460830934582035,-0.10955669065417695,"{""model"": ""sgd_huber"", ""residual_oof_mae"": 32.79244224111463}"
cca_hs_raw_word160_20_basic,huber,0.7000000000000001,32.85614118775045,32.966712482938256,31.924669831845872,47.10352315550656,0.7535624039572205,21.647228969420553,69.26796585106322,92.48473912195493,0.6199365973934484,0.8584008453680874,-1.3739548128135561,0.4624867911236351,0.5375132088763649,2839,0.3149660428173745,"[0.17730639215161076, 0.4369588131771745]","[30.727575398177642, 33.110189942248226]",0.1300038318458725,-0.1041611681541248,"{""model"": ""huber"", ""residual_oof_mae"": 32.884184953910484}"
cca_hs_raw_word160_40_geom,sgd_huber,0.8250000000000001,32.86577058173812,32.966712482938256,31.927248141433747,47.093454094925164,0.7536677519100189,21.52275500122923,69.55006785441661,92.40352411757688,0.6157097569566748,0.8587530820711519,-1.5263169417133287,0.4642479746389574,0.5357520253610426,2839,0.3123877332294946,"[0.19509393538797484, 0.4068990675471256]","[30.727923844992436, 33.153006957093666]",0.13258214143374758,-0.10158285856624971,"{""model"": ""sgd_huber"", ""residual_oof_mae"": 32.86931805724364}"
pls_raw_word160_40_basic,sgd_huber,1.25,32.806224162846846,32.966712482938256,31.9358335904019,47.063500879342115,0.7539810054858992,21.679818910576188,69.456693715073,91.47622733669856,0.6160619936597393,0.8598097921803451,-1.4694759731695584,0.4684748150757309,0.5315251849242691,2839,0.30380228426134404,"[0.1686033903462477, 0.4285912730728952]","[30.56388737414118, 33.26476213602363]",0.1411675904018992,-0.0929974095980981,"{""model"": ""sgd_huber"", ""residual_oof_mae"": 32.812346312508076}"
pls_raw_word160_36_basic,sgd_huber,1.2750000000000001,32.80146742688635,32.966712482938256,31.938884467408247,47.06793227767434,0.753934674062718,21.611590213128636,69.42829309311585,91.65515399978662,0.6195843606903839,0.8601620288834096,-1.473731635421042,0.46882705177879536,0.5311729482212046,2839,0.30075140725499994,"[0.18448469094179376, 0.4333682872895004]","[30.78088411998203, 33.316784090892256]",0.14421846740824762,-0.08994653259174967,"{""model"": ""sgd_huber"", ""residual_oof_mae"": 32.80996065712044}"
pls_hs_raw_word160_16_geom,sgd_huber,1.4000000000000001,32.79325781618858,32.966712482938256,31.939454283869587,47.11757303868773,0.7534153688488728,21.557301521590446,69.41210160476501,93.01076202183079,0.6167664670658682,0.8594575554772808,-1.5836723485801925,0.4684748150757309,0.5315251849242691,2839,0.3001815907936579,"[0.17658932141304937, 0.43562616203157656]","[30.796290635738195, 33.293136287594955]",0.14478828386958753,-0.08937671613040976,"{""model"": ""sgd_huber"", ""residual_oof_mae"": 32.80848267106542}"
pls_hs_raw_word160_16_delta,sgd_huber,1.6,32.78801026626264,32.966712482938256,31.940432808272984,47.1623958676618,0.7529459950164885,21.747561358951657,69.60340448334127,92.54486179397192,0.6178231771750616,0.8605142655864741,-1.895031144114249,0.47058823529411764,0.5294117647058824,2839,0.2992030663902575,"[0.1952342598705942, 0.39607095216394145]","[30.5366920768027, 33.05056441633686]",0.1457668082729846,-0.08839819172701269,"{""model"": ""sgd_huber"", ""residual_oof_mae"": 32.82131746828554}"
