primary_procedure_name,n,base_mae,final_mae,gain,median_gain,improved_rate,worsened_rate,large_win_rate_gain_gt10,large_loss_rate_gain_lt_minus10,mean_actual_duration,mean_base_residual_actual_minus_base,mean_model_correction_final_minus_base,mean_abs_correction,alignment_rate
PPM TEMPORARY PERMANENT INSERTION - SINGLE,64,14.44624536037445,12.4832386333328,1.963006727041651,2.3837608683023035,0.71875,0.28125,0.0,0.0,74.515625,-6.3458211660385135,-3.23092181506635,4.120161945106116,0.78125
ICD LEAD REVISION - RV,13,32.29434720552884,30.353106058602087,1.9412411469267545,0.8070971709576042,0.6153846153846154,0.38461538461538464,0.0,0.0,174.0,23.846587900015024,2.38244762151003,3.494464662674403,0.6153846153846154
EXTRACTION - INTERMEDIATE RISK,13,37.67184260441707,35.8311979267237,1.8406446776933676,-0.46378945886226575,0.46153846153846156,0.5384615384615384,0.0,0.0,241.07692307692307,-5.390700589693505,-1.5416652928779644,3.377726512042312,0.46153846153846156
PPM IMPLANT - LEADLESS,48,25.625647226969402,23.841536311168976,1.7841109158004285,2.516643561712229,0.7291666666666666,0.2708333333333333,0.0,0.0,129.4375,-13.017200215657548,-2.2827293825746247,3.259680107027066,0.7708333333333334
ABLATION - ATRIAL FLUTTER - RIGHT,39,43.686478326259525,41.9191648677852,1.767313458474322,2.299081500163993,0.6666666666666666,0.3333333333333333,0.02564102564102564,0.0,193.84615384615384,-10.169952666453824,-3.7872919462649546,4.45488142534067,0.717948717948718
Cardioneural Ablation,40,32.785661697387695,31.23295065954543,1.5527110378422655,2.7875598776254265,0.6,0.4,0.05,0.025,223.65,-15.39008750915528,-5.933032238176778,6.296994439296973,0.65
ABLATION - PVI,672,34.45042449860346,33.19150367700539,1.2589208215980687,1.6573810774001885,0.6101190476190477,0.3898809523809524,0.028273809523809524,0.005952380952380952,217.39583333333334,-10.504081576211112,-3.7666154408816532,4.355127133013395,0.6398809523809523
PPM IMPLANT - AV LEADLESS,23,37.07192979895551,35.938802591122844,1.1331272078326626,0.49005513965221326,0.5217391304347826,0.4782608695652174,0.0,0.0,125.95652173913044,-0.10801258916439933,-1.9632368302518104,3.1787234660560624,0.5217391304347826
PERMANENT TEMPORARY LEAD REMOVAL,11,13.231021673029119,12.16062606026375,1.0703956127653702,0.20450330554576368,0.6363636363636364,0.36363636363636365,0.0,0.0,26.09090909090909,-13.231021673029119,-1.705227954433222,2.2716116837440627,0.7272727272727273
ABLATION - ATRIAL FLUTTER - LEFT,21,41.02816946847099,39.959199595764815,1.06896987270618,3.261114047178296,0.5714285714285714,0.42857142857142855,0.0,0.0,269.6666666666667,-12.04071713402158,-2.4872153351050366,3.7662822237148115,0.5714285714285714
ICD GENERATOR CHANGE - SINGLE,13,16.61881056565505,15.663961274803956,0.9548492908510965,1.8768827158126413,0.6923076923076923,0.3076923076923077,0.0,0.0,99.92307692307692,9.794334059495192,0.15318612392994935,2.719137146932091,0.6923076923076923
PPM GENERATOR CHANGE - SINGLE CHAMBER,10,8.31851943969727,7.393622711540997,0.9248967281562728,0.693605794012548,0.6,0.4,0.0,0.0,81.4,-1.806595611572267,-2.394287950387908,2.444905790322076,0.6
ABLATION - VT,112,65.1552782876151,64.35642567746685,0.7988526101482508,0.6088195875286999,0.5446428571428571,0.45535714285714285,0.008928571428571428,0.0,351.875,-3.2010060991559692,0.15075883989420166,3.4881974565700906,0.5535714285714286
ICD IMPLANT - SUBQ,16,30.60326194763185,29.87146726442609,0.7317946832057594,1.2036516606807766,0.5625,0.4375,0.0,0.0,202.8125,-11.491023254394538,-2.9936594564567685,3.1806422121199383,0.5625
ABLATION - AV NODE,95,18.033745952405425,17.61684754744386,0.41689840496156844,0.23779688059420323,0.5263157894736842,0.47368421052631576,0.0,0.0,98.87368421052632,6.177909256784539,-2.053010702383358,2.7465865451308744,0.5684210526315789
DIAGNOSTIC EPS,60,38.405315500895185,38.041540964116074,0.3637745367791067,0.12757536888985044,0.5166666666666667,0.48333333333333334,0.0,0.0,162.0,6.3292935180664065,-2.7121488769266127,3.6671766543841926,0.5333333333333333
LOOP RECORDER IMPLANT,81,9.774327836213288,9.46413339716534,0.31019443904794775,0.5130152064475553,0.5432098765432098,0.4567901234567901,0.0,0.0,46.28395061728395,-1.1807002738670065,-1.298005337713878,2.1168584667047337,0.5432098765432098
ABLATION - ATRIAL TACHYCARDIA - LEFT,10,30.051760559082037,29.761142451729903,0.290618107352131,-0.9313810768637296,0.4,0.6,0.0,0.0,274.6,7.902361755371103,-2.3095290373179496,2.5827965540518933,0.4
PPM UPGRADE - BIV,13,41.01866431603066,40.77395074269146,0.2447135733391996,1.278624278596368,0.6923076923076923,0.3076923076923077,0.0,0.0,194.23076923076923,-1.3785247802734375,-1.3478603757946201,3.1748478074898534,0.6923076923076923
ABLATION - PVC,151,46.47953923711713,46.25355569034118,0.22598354677595275,0.4251130563106926,0.543046357615894,0.45695364238410596,0.006622516556291391,0.0,264.5364238410596,2.4625480197123344,-2.6731106671653992,3.5167105073511817,0.5827814569536424
PPM IMPLANT - DUAL CHAMBER,306,24.11149046654794,23.89778534389369,0.2137051226542525,0.13662708699704496,0.5130718954248366,0.4869281045751634,0.0,0.0,149.84967320261438,2.4861223507550805,-1.3546093536671284,2.3036726184777656,0.5261437908496732
PPM IMPLANT - SINGLE CHAMBER,55,19.12205336137252,18.92011481640092,0.20193854497159458,0.1690127628955338,0.5454545454545454,0.45454545454545453,0.0,0.0,131.61818181818182,1.39888896595348,-1.9511302656119935,2.7443477349605723,0.6
HRS ABORTED PROCEDURE,10,73.45375865936279,73.3214738697725,0.13228478959029602,2.1034428286466067,0.6,0.4,0.0,0.0,129.7,34.22542530059816,-4.0988696257683745,4.0988696257683745,0.6
LAA CLOSURE WITH IMPLANT,47,23.792780514980887,23.698583644095702,0.09419687088518276,0.5296809536305034,0.5531914893617021,0.44680851063829785,0.0,0.0,160.93617021276594,1.1814656359084121,-2.65939143040484,3.6201142289737445,0.5957446808510638
ABLATION - ACCESSORY PATHWAY LEFT,23,47.21645375127378,47.15678723030651,0.059666520967258815,0.5732226711597832,0.5217391304347826,0.4782608695652174,0.0,0.0,251.2173913043478,23.65739135742188,-3.233596288669808,3.403424111377281,0.5217391304347826
ICD GENERATOR CHANGE - BIV,41,19.049493854801828,19.022116101614873,0.027377753186956896,-0.41424922525020236,0.43902439024390244,0.5609756097560976,0.0,0.0,108.29268292682927,12.566820098132622,-0.5539382921836196,2.149708098941328,0.4878048780487805
ICD UPGRADE - BIV,38,44.24823756970858,44.348503739829,-0.10026617012043011,-0.3469229054537095,0.42105263157894735,0.5789473684210527,0.0,0.0,224.42105263157896,12.153898339522511,0.8787638634882463,2.4018957087215114,0.42105263157894735
ICD GENERATOR CHANGE - DUAL,23,15.799382881496266,15.906250285517329,-0.10686740402106264,-0.6015816408309433,0.4782608695652174,0.5217391304347826,0.0,0.0,100.30434782608695,1.7559242580247953,0.7221350966285911,3.1190521478275492,0.4782608695652174
ICD IMPLANT - DUAL CHAMBER,49,20.676568478954085,20.83516152106184,-0.15859304210775552,-0.3460462230357564,0.4489795918367347,0.5510204081632653,0.0,0.0,151.71428571428572,8.394418957768657,-0.9303069795125675,2.760946362410575,0.4897959183673469
ABLATION-ACCESSORY PATHWAY RIGHT,17,66.68999274758733,66.89517880169531,-0.20518605410799082,-0.12275135099025647,0.4117647058823529,0.5882352941176471,0.0,0.0,286.70588235294116,33.569405230353865,-2.1948081223668026,2.8421454069488483,0.4117647058823529
ABLATION - AVNRT - TYPICAL,55,36.750814874822446,37.0636192959163,-0.3128044210938578,0.07680516420933259,0.509090909090909,0.4909090909090909,0.0,0.0,214.1818181818182,16.41756192294034,-2.5084273975730405,3.043954504835679,0.509090909090909
ICD IMPLANT - BIV,46,42.158607880965526,42.51866058800456,-0.36005270703904,-0.21820636987685305,0.4782608695652174,0.5217391304347826,0.0,0.0,220.6304347826087,6.938965706203292,-0.47739606684101654,2.5504917644539864,0.5434782608695652
PPM IMPLANT - BIV,14,67.29981602260044,67.68323465824004,-0.38341863563958817,-0.4837488919496451,0.5,0.5,0.0,0.0,229.14285714285714,23.948020717075895,-1.363047642018009,2.427015882813172,0.5
TILT TABLE,134,15.060214654723211,15.502139208289382,-0.44192455356617233,-0.36471546888351725,0.44029850746268656,0.5597014925373134,0.007462686567164179,0.0,88.69402985074628,0.7812583467853599,-1.6638535538635375,2.840267757333276,0.4626865671641791
PPM GENERATOR CHANGE - DUAL CHAMBER,76,12.022647556505703,12.635478663689518,-0.6128311071838168,-0.8652925866755936,0.39473684210526316,0.6052631578947368,0.0,0.0,88.9342105263158,4.7916821730764285,-2.2886360155861616,3.272202251206474,0.5
Substernal ICD,10,39.798106079101565,40.461541414352,-0.6634353352504292,1.0750303532096694,0.6,0.4,0.0,0.0,216.9,-4.632246704101564,-4.443764132401659,4.73768233158494,0.6
ICD IMPLANT - SINGLE CHAMBER,65,19.10274892953726,19.935533054819242,-0.8327841252819853,-0.8782761293563652,0.3230769230769231,0.676923076923077,0.0,0.0,120.36923076923077,8.986143751878004,-0.646028422097144,2.292847888308464,0.36923076923076925
ABLATION - SVT,31,45.7147444202054,46.55960550762591,-0.8448610874205239,-1.2096355694446004,0.41935483870967744,0.5806451612903226,0.0,0.0,229.03225806451613,32.14411827825732,-2.704386452129798,3.2121314942099835,0.41935483870967744
LEAD REVISION - ATRIAL,11,13.016121465509581,13.937071111741743,-0.920949646232157,-0.45716012298197484,0.36363636363636365,0.6363636363636364,0.0,0.0,124.27272727272727,8.116217457164415,0.16355139787409778,2.699904524628978,0.36363636363636365
ABLATION - AVNRT,17,27.167922255572154,28.23262220206926,-1.064699946497106,-1.6556602734240755,0.4117647058823529,0.5882352941176471,0.0,0.0,219.76470588235293,16.280886122759657,-3.72307485432322,4.010605906030105,0.4117647058823529
LOOP RECORDER EXPLANT,14,10.069489942278182,11.139633046131946,-1.0701431038537648,-1.0722391280445613,0.2857142857142857,0.7142857142857143,0.0,0.0,46.857142857142854,-4.114537375313895,-2.8914337095106215,3.311062601628272,0.42857142857142855
ABLATION - ATRIAL TACHYCARDIA - RIGHT,16,42.83111553192139,44.07107137396608,-1.2399558420446866,-0.5364518064174035,0.4375,0.5625,0.0,0.0,244.3125,11.11181812286377,-2.2131637836906357,3.6927200274126193,0.4375
PPM GENERATOR CHANGE - BIV,11,18.403025817871093,20.07327341123139,-1.6702475933603012,-1.360755179533058,0.2727272727272727,0.7272727272727273,0.0,0.0,97.0,8.15175157026811,-1.3601094819112673,2.532640184051755,0.2727272727272727
NIPS (Non-invasive programmed stimulation),18,21.76382696363661,23.98158158991551,-2.217754626278902,-2.1287880641308305,0.3333333333333333,0.6666666666666666,0.0,0.0,63.388888888888886,-9.876495912339951,3.5188065521008625,4.993811423253508,0.4444444444444444
