variant,train_oof_mae,final_train_oof_mae,heldout_mae,final_heldout_mae,heldout_gain_vs_final,improved_rate_vs_final,mean_prediction_shift_vs_final,meta_json
risk3_x_pls_gap_gamma_positive,32.76810082989888,32.796417788517424,31.700690614601047,31.77026365632957,0.06957304172852058,0.4906657273687918,-0.9939162873544776,"{""gammas"": {""__GLOBAL__"": 1.0, ""risk_0|pls_higher"": 0.7000000000000001, ""risk_0|pls_lower"": 0.0, ""risk_0|pls_near"": 0.775, ""risk_1|pls_higher"": 1.375, ""risk_1|pls_lower"": 0.5750000000000001, ""risk_1|pls_much_higher"": 1.25, ""risk_1|pls_near"": 1.425, ""risk_2|pls_higher"": 2.5, ""risk_2|pls_lower"": 0.9750000000000001, ""risk_2|pls_much_higher"": 2.5, ""risk_2|pls_near"": 1.4000000000000001}, ""min_n"": 100, ""n_gammas"": 12, ""risk_oof_corr_abs_error"": 0.4545378570140534}"
risk3_x_pls_gap_gamma_signed,32.76853157447295,32.796417788517424,31.70098783432335,31.77026365632957,0.06927582200621826,0.4941880943994364,-0.9949002413956675,"{""gammas"": {""__GLOBAL__"": 1.0000000000000018, ""risk_0|pls_higher"": 0.7000000000000015, ""risk_0|pls_lower"": -0.024999999999999134, ""risk_0|pls_near"": 0.7750000000000016, ""risk_1|pls_higher"": 1.3750000000000022, ""risk_1|pls_lower"": 0.5750000000000014, ""risk_1|pls_much_higher"": 1.250000000000002, ""risk_1|pls_near"": 1.425000000000002, ""risk_2|pls_higher"": 2.500000000000003, ""risk_2|pls_lower"": 0.9750000000000018, ""risk_2|pls_much_higher"": 2.500000000000003, ""risk_2|pls_near"": 1.4000000000000021}, ""min_n"": 100, ""n_gammas"": 12, ""risk_oof_corr_abs_error"": 0.4545378570140534}"
procedure_family_gamma_positive,32.76927961993881,32.796417788517424,31.607522369553593,31.77026365632957,0.16274128677597588,0.5132088763649172,-0.6686322274937989,"{""gammas"": {""AF/PVI ablation"": 1.7000000000000002, ""Device implant"": 0.775, ""Device revision-generator-upgrade"": 0.775, ""Diagnostic/testing"": 0.30000000000000004, ""LAA closure"": 1.0, ""Lead/device extraction-removal"": 1.5250000000000001, ""Other"": 0.275, ""Other ablation"": 1.0250000000000001, ""VT/PVC ablation"": 2.5, ""__GLOBAL__"": 1.0}, ""n_gammas"": 10}"
procedure_family_gamma_signed,32.76927961993881,32.796417788517424,31.607522369553593,31.77026365632957,0.16274128677597588,0.5146178231771751,-0.6686322274938024,"{""gammas"": {""AF/PVI ablation"": 1.7000000000000024, ""Device implant"": 0.7750000000000016, ""Device revision-generator-upgrade"": 0.7750000000000016, ""Diagnostic/testing"": 0.30000000000000115, ""LAA closure"": 1.0000000000000018, ""Lead/device extraction-removal"": 1.5250000000000021, ""Other"": 0.27500000000000113, ""Other ablation"": 1.0250000000000017, ""VT/PVC ablation"": 2.500000000000003, ""__GLOBAL__"": 1.0000000000000018}, ""n_gammas"": 10}"
risk4_x_family_gamma_positive,32.77008145938125,32.796417788517424,31.65525362048883,31.77026365632957,0.11501003584074412,0.45156745332863685,-0.6014326946901853,"{""gammas"": {""__GLOBAL__"": 1.0, ""risk_0|AF/PVI ablation"": 0.05, ""risk_0|Device implant"": 0.5, ""risk_0|Device revision-generator-upgrade"": 0.75, ""risk_0|Diagnostic/testing"": 0.1, ""risk_0|Other"": 0.30000000000000004, ""risk_0|Other ablation"": 1.1, ""risk_1|AF/PVI ablation"": 1.725, ""risk_1|Device implant"": 0.875, ""risk_1|Device revision-generator-upgrade"": 0.8250000000000001, ""risk_1|Diagnostic/testing"": 0.0, ""risk_1|Other ablation"": 0.0, ""risk_2|AF/PVI ablation"": 1.625, ""risk_2|Device implant"": 1.0, ""risk_2|Device revision-generator-upgrade"": 1.9000000000000001, ""risk_2|Diagnostic/testing"": 1.75, ""risk_2|Other ablation"": 1.375, ""risk_2|VT/PVC ablation"": 2.5, ""risk_3|AF/PVI ablation"": 2.5, ""risk_3|Device implant"": 0.0, ""risk_3|Device revision-generator-upgrade"": 0.0, ""risk_3|Lead/device extraction-removal"": 1.7750000000000001, ""risk_3|Other ablation"": 1.225, ""risk_3|VT/PVC ablation"": 2.5}, ""min_n"": 120, ""n_gammas"": 24, ""risk_oof_corr_abs_error"": 0.45410026338260967}"
risk3_gamma_signed,32.776097189912996,32.796417788517424,31.7128149631131,31.77026365632957,0.05744869321646393,0.5040507220852413,-0.3367246883538967,"{""gammas"": {""__GLOBAL__"": 1.0000000000000018, ""risk_0"": 0.6000000000000014, ""risk_1"": 1.175000000000002, ""risk_2"": 1.8000000000000025}, ""min_n"": 80, ""n_gammas"": 4, ""risk_oof_corr_abs_error"": 0.4545378570140534}"
risk3_gamma_positive,32.776097189912996,32.796417788517424,31.7128149631131,31.77026365632957,0.05744869321646383,0.5040507220852413,-0.3367246883538924,"{""gammas"": {""__GLOBAL__"": 1.0, ""risk_0"": 0.6000000000000001, ""risk_1"": 1.175, ""risk_2"": 1.8}, ""min_n"": 80, ""n_gammas"": 4, ""risk_oof_corr_abs_error"": 0.4545378570140534}"
risk4_x_family_gamma_signed,32.7769563580236,32.796417788517424,31.68618215032331,31.77026365632957,0.0840815060062581,0.45649876717153925,-0.59725704947933,"{""gammas"": {""__GLOBAL__"": 1.0000000000000018, ""risk_0|AF/PVI ablation"": 0.05000000000000093, ""risk_0|Device implant"": 0.5000000000000013, ""risk_0|Device revision-generator-upgrade"": 0.7500000000000016, ""risk_0|Diagnostic/testing"": 0.10000000000000098, ""risk_0|Other"": 0.30000000000000115, ""risk_0|Other ablation"": 1.1000000000000019, ""risk_1|AF/PVI ablation"": 1.7250000000000023, ""risk_1|Device implant"": 0.8750000000000017, ""risk_1|Device revision-generator-upgrade"": 0.8250000000000016, ""risk_1|Diagnostic/testing"": -0.3499999999999994, ""risk_1|Other ablation"": -0.1999999999999993, ""risk_2|AF/PVI ablation"": 1.6250000000000022, ""risk_2|Device implant"": 1.0000000000000018, ""risk_2|Device revision-generator-upgrade"": 1.9000000000000026, ""risk_2|Diagnostic/testing"": 1.7500000000000024, ""risk_2|Other ablation"": 1.3750000000000022, ""risk_2|VT/PVC ablation"": 2.500000000000003, ""risk_3|AF/PVI ablation"": 2.500000000000003, ""risk_3|Device implant"": -0.3249999999999994, ""risk_3|Device revision-generator-upgrade"": -1.0, ""risk_3|Lead/device extraction-removal"": 1.7750000000000026, ""risk_3|Other ablation"": 1.2250000000000019, ""risk_3|VT/PVC ablation"": 2.500000000000003}, ""min_n"": 120, ""n_gammas"": 24, ""risk_oof_corr_abs_error"": 0.45410026338260967}"
risk4_x_sched_gamma_positive,32.77892669807164,32.796417788517424,31.761736902849893,31.77026365632957,0.00852675347967249,0.4941880943994364,-0.5102423265623562,"{""gammas"": {""__GLOBAL__"": 1.0, ""risk_0|150-209"": 0.275, ""risk_0|90-149"": 0.325, ""risk_0|<90"": 0.65, ""risk_1|150-209"": 1.75, ""risk_1|210-299"": 1.5, ""risk_1|90-149"": 0.375, ""risk_1|<90"": 1.5250000000000001, ""risk_2|150-209"": 1.0250000000000001, ""risk_2|210-299"": 1.4000000000000001, ""risk_2|300-419"": 1.9000000000000001, ""risk_2|90-149"": 1.85, ""risk_2|<90"": 1.675, ""risk_3|150-209"": 0.0, ""risk_3|210-299"": 2.225, ""risk_3|300-419"": 2.5, ""risk_3|420+"": 2.5, ""risk_3|90-149"": 0.0}, ""min_n"": 120, ""n_gammas"": 18, ""risk_oof_corr_abs_error"": 0.45410026338260967}"
pls_gap_bin_gamma_positive,32.7804188598266,32.796417788517424,31.756140720945712,31.77026365632957,0.01412293538385613,0.5086297992250792,-0.34845877881494675,"{""gammas"": {""__GLOBAL__"": 1.0, ""pls_higher"": 1.125, ""pls_lower"": 0.42500000000000004, ""pls_much_higher"": 1.25, ""pls_much_lower"": 0.0, ""pls_near"": 1.05}, ""n_gammas"": 6}"
pls_gap_bin_gamma_signed,32.78110207183597,32.796417788517424,31.756880222795942,31.77026365632957,0.013383433533627306,0.5086297992250792,-0.3520760681360043,"{""gammas"": {""__GLOBAL__"": 1.0000000000000018, ""pls_higher"": 1.1250000000000018, ""pls_lower"": 0.42500000000000127, ""pls_much_higher"": 1.250000000000002, ""pls_much_lower"": -0.14999999999999925, ""pls_near"": 1.0500000000000018}, ""n_gammas"": 6}"
family_x_sched_gamma_positive,32.781350983544044,32.796417788517424,31.637668951653815,31.77026365632957,0.13259470467575205,0.46671363156040857,-0.41891238075133086,"{""gammas"": {""AF/PVI ablation|150-209"": 1.5750000000000002, ""AF/PVI ablation|210-299"": 1.7000000000000002, ""AF/PVI ablation|300-419"": 2.5, ""Device implant|150-209"": 0.05, ""Device implant|210-299"": 0.0, ""Device implant|90-149"": 0.775, ""Device implant|<90"": 1.5, ""Device revision-generator-upgrade|150-209"": 1.25, ""Device revision-generator-upgrade|90-149"": 0.225, ""Device revision-generator-upgrade|<90"": 0.9750000000000001, ""Diagnostic/testing|210-299"": 2.5, ""Diagnostic/testing|300-419"": 2.45, ""Diagnostic/testing|90-149"": 0.025, ""LAA closure|150-209"": 1.0, ""Other ablation|150-209"": 0.47500000000000003, ""Other ablation|210-299"": 0.42500000000000004, ""Other ablation|300-419"": 2.3000000000000003, ""Other ablation|90-149"": 1.8250000000000002, ""Other ablation|<90"": 0.925, ""Other|<90"": 0.325, ""VT/PVC ablation|210-299"": 1.8250000000000002, ""VT/PVC ablation|300-419"": 2.5, ""__GLOBAL__"": 1.0}, ""n_gammas"": 23}"
risk4_x_pls_gap_gamma_positive,32.783236757144245,32.796417788517424,31.688335297566756,31.77026365632957,0.08192835876281308,0.49313138429024306,-0.8825760283274928,"{""gammas"": {""__GLOBAL__"": 1.0, ""risk_0|pls_higher"": 0.625, ""risk_0|pls_lower"": 0.0, ""risk_0|pls_near"": 0.875, ""risk_1|pls_higher"": 0.875, ""risk_1|pls_lower"": 0.15000000000000002, ""risk_1|pls_near"": 1.375, ""risk_2|pls_higher"": 1.9000000000000001, ""risk_2|pls_lower"": 1.3250000000000002, ""risk_2|pls_much_higher"": 2.5, ""risk_2|pls_near"": 0.9500000000000001, ""risk_3|pls_higher"": 2.5, ""risk_3|pls_lower"": 0.7250000000000001, ""risk_3|pls_much_higher"": 1.375, ""risk_3|pls_near"": 1.5}, ""min_n"": 100, ""n_gammas"": 15, ""risk_oof_corr_abs_error"": 0.45410026338260967}"
risk4_gamma_positive,32.783343901988225,32.796417788517424,31.68159750424802,31.77026365632957,0.08866615208154477,0.5072208524128214,-0.26144086809332173,"{""gammas"": {""__GLOBAL__"": 1.0, ""risk_0"": 0.525, ""risk_1"": 0.9, ""risk_2"": 1.5, ""risk_3"": 1.5750000000000002}, ""min_n"": 80, ""n_gammas"": 5, ""risk_oof_corr_abs_error"": 0.45410026338260967}"
risk4_gamma_signed,32.783343901988225,32.796417788517424,31.68159750424802,31.77026365632957,0.08866615208154535,0.5072208524128214,-0.26144086809332584,"{""gammas"": {""__GLOBAL__"": 1.0000000000000018, ""risk_0"": 0.5250000000000014, ""risk_1"": 0.9000000000000017, ""risk_2"": 1.5000000000000022, ""risk_3"": 1.5750000000000024}, ""min_n"": 80, ""n_gammas"": 5, ""risk_oof_corr_abs_error"": 0.45410026338260967}"
risk3_x_family_gamma_positive,32.78422879657953,32.796417788517424,31.62531966290533,31.77026365632957,0.1449439934242426,0.49101796407185627,-0.613955714077568,"{""gammas"": {""__GLOBAL__"": 1.0, ""risk_0|AF/PVI ablation"": 0.375, ""risk_0|Device implant"": 0.525, ""risk_0|Device revision-generator-upgrade"": 0.7250000000000001, ""risk_0|Diagnostic/testing"": 0.125, ""risk_0|LAA closure"": 1.0, ""risk_0|Other"": 0.325, ""risk_0|Other ablation"": 1.0250000000000001, ""risk_1|AF/PVI ablation"": 1.75, ""risk_1|Device implant"": 1.05, ""risk_1|Device revision-generator-upgrade"": 1.4500000000000002, ""risk_1|Diagnostic/testing"": 0.07500000000000001, ""risk_1|Other ablation"": 0.6000000000000001, ""risk_1|VT/PVC ablation"": 1.8, ""risk_2|AF/PVI ablation"": 2.4250000000000003, ""risk_2|Device implant"": 0.25, ""risk_2|Device revision-generator-upgrade"": 0.025, ""risk_2|Diagnostic/testing"": 2.45, ""risk_2|Lead/device extraction-removal"": 2.5, ""risk_2|Other ablation"": 1.35, ""risk_2|VT/PVC ablation"": 2.5}, ""min_n"": 120, ""n_gammas"": 21, ""risk_oof_corr_abs_error"": 0.4545378570140534}"
risk3_x_sched_gamma_signed,32.784594511771196,32.796417788517424,31.703414583581228,31.77026365632957,0.06684907274834292,0.5128566396618528,-0.4656076181001827,"{""gammas"": {""__GLOBAL__"": 1.0000000000000018, ""risk_0|150-209"": 0.5500000000000014, ""risk_0|210-299"": 1.1250000000000018, ""risk_0|90-149"": 0.42500000000000127, ""risk_0|<90"": 0.6750000000000015, ""risk_1|150-209"": 1.5250000000000021, ""risk_1|210-299"": 1.4500000000000022, ""risk_1|300-419"": 1.075000000000002, ""risk_1|90-149"": 0.8250000000000016, ""risk_1|<90"": 1.7500000000000024, ""risk_2|150-209"": 0.42500000000000127, ""risk_2|210-299"": 1.8000000000000025, ""risk_2|300-419"": 2.500000000000003, ""risk_2|420+"": 2.500000000000003, ""risk_2|90-149"": 0.9000000000000017}, ""min_n"": 120, ""n_gammas"": 15, ""risk_oof_corr_abs_error"": 0.4545378570140534}"
risk3_x_sched_gamma_positive,32.784594511771196,32.796417788517424,31.703414583581228,31.77026365632957,0.06684907274834297,0.5128566396618528,-0.4656076181001787,"{""gammas"": {""__GLOBAL__"": 1.0, ""risk_0|150-209"": 0.55, ""risk_0|210-299"": 1.125, ""risk_0|90-149"": 0.42500000000000004, ""risk_0|<90"": 0.675, ""risk_1|150-209"": 1.5250000000000001, ""risk_1|210-299"": 1.4500000000000002, ""risk_1|300-419"": 1.075, ""risk_1|90-149"": 0.8250000000000001, ""risk_1|<90"": 1.75, ""risk_2|150-209"": 0.42500000000000004, ""risk_2|210-299"": 1.8, ""risk_2|300-419"": 2.5, ""risk_2|420+"": 2.5, ""risk_2|90-149"": 0.9}, ""min_n"": 120, ""n_gammas"": 15, ""risk_oof_corr_abs_error"": 0.4545378570140534}"
risk4_x_sched_gamma_signed,32.78618948824388,32.796417788517424,31.772076056366032,31.77026365632957,-0.0018124000364686428,0.49559704121169423,-0.5025648086517834,"{""gammas"": {""__GLOBAL__"": 1.0000000000000018, ""risk_0|150-209"": 0.27500000000000113, ""risk_0|90-149"": 0.3250000000000012, ""risk_0|<90"": 0.6500000000000015, ""risk_1|150-209"": 1.7500000000000024, ""risk_1|210-299"": 1.5000000000000022, ""risk_1|90-149"": 0.3750000000000012, ""risk_1|<90"": 1.5250000000000021, ""risk_2|150-209"": 1.0250000000000017, ""risk_2|210-299"": 1.4000000000000021, ""risk_2|300-419"": 1.9000000000000026, ""risk_2|90-149"": 1.8500000000000025, ""risk_2|<90"": 1.6750000000000025, ""risk_3|150-209"": -0.24999999999999933, ""risk_3|210-299"": 2.2250000000000028, ""risk_3|300-419"": 2.500000000000003, ""risk_3|420+"": 2.500000000000003, ""risk_3|90-149"": -0.6249999999999997}, ""min_n"": 120, ""n_gammas"": 18, ""risk_oof_corr_abs_error"": 0.45410026338260967}"
risk4_x_pls_gap_gamma_signed,32.786554639810056,32.796417788517424,31.68852718794803,31.77026365632957,0.08173646838154384,0.497710461430081,-0.8831348592112139,"{""gammas"": {""__GLOBAL__"": 1.0000000000000018, ""risk_0|pls_higher"": 0.6250000000000014, ""risk_0|pls_lower"": -0.024999999999999134, ""risk_0|pls_near"": 0.8750000000000017, ""risk_1|pls_higher"": 0.8750000000000017, ""risk_1|pls_lower"": 0.15000000000000102, ""risk_1|pls_near"": 1.3750000000000022, ""risk_2|pls_higher"": 1.9000000000000026, ""risk_2|pls_lower"": 1.325000000000002, ""risk_2|pls_much_higher"": 2.500000000000003, ""risk_2|pls_near"": 0.9500000000000017, ""risk_3|pls_higher"": 2.500000000000003, ""risk_3|pls_lower"": 0.7250000000000015, ""risk_3|pls_much_higher"": 1.3750000000000022, ""risk_3|pls_near"": 1.5000000000000022}, ""min_n"": 100, ""n_gammas"": 15, ""risk_oof_corr_abs_error"": 0.45410026338260967}"
family_x_sched_gamma_signed,32.78661975841134,32.796417788517424,31.637686808120083,31.77026365632957,0.13257684820948487,0.47305389221556887,-0.41818873502628007,"{""gammas"": {""AF/PVI ablation|150-209"": 1.5750000000000024, ""AF/PVI ablation|210-299"": 1.7000000000000024, ""AF/PVI ablation|300-419"": 2.500000000000003, ""Device implant|150-209"": 0.05000000000000093, ""Device implant|210-299"": -0.024999999999999134, ""Device implant|90-149"": 0.7750000000000016, ""Device implant|<90"": 1.5000000000000022, ""Device revision-generator-upgrade|150-209"": 1.250000000000002, ""Device revision-generator-upgrade|90-149"": 0.2250000000000011, ""Device revision-generator-upgrade|<90"": 0.9750000000000018, ""Diagnostic/testing|210-299"": 2.500000000000003, ""Diagnostic/testing|300-419"": 2.450000000000003, ""Diagnostic/testing|90-149"": 0.02500000000000091, ""LAA closure|150-209"": 1.0000000000000018, ""Other ablation|150-209"": 0.4750000000000013, ""Other ablation|210-299"": 0.42500000000000127, ""Other ablation|300-419"": 2.300000000000003, ""Other ablation|90-149"": 1.8250000000000024, ""Other ablation|<90"": 0.9250000000000017, ""Other|<90"": 0.3250000000000012, ""VT/PVC ablation|210-299"": 1.8250000000000024, ""VT/PVC ablation|300-419"": 2.500000000000003, ""__GLOBAL__"": 1.0000000000000018}, ""n_gammas"": 23}"
scheduled_duration_bin_gamma_positive,32.78833089165673,32.796417788517424,31.700389640183396,31.77026365632957,0.06987401614617368,0.5146178231771751,-0.41552829454993834,"{""gammas"": {""150-209"": 0.9750000000000001, ""210-299"": 1.5, ""300-419"": 2.4250000000000003, ""420+"": 2.0500000000000003, ""90-149"": 0.5750000000000001, ""<90"": 0.75, ""__GLOBAL__"": 1.0}, ""n_gammas"": 7}"
scheduled_duration_bin_gamma_signed,32.78833089165673,32.796417788517424,31.700389640183396,31.77026365632957,0.06987401614617436,0.5146178231771751,-0.41552829454994256,"{""gammas"": {""150-209"": 0.9750000000000018, ""210-299"": 1.5000000000000022, ""300-419"": 2.425000000000003, ""420+"": 2.0500000000000025, ""90-149"": 0.5750000000000014, ""<90"": 0.7500000000000016, ""__GLOBAL__"": 1.0000000000000018}, ""n_gammas"": 7}"
risk6_gamma_positive,32.78948580278688,32.796417788517424,31.709977656463153,31.77026365632957,0.060285999866409624,0.5054596688974992,-0.4483697625932847,"{""gammas"": {""__GLOBAL__"": 1.0, ""risk_0"": 0.35000000000000003, ""risk_1"": 0.8500000000000001, ""risk_2"": 1.05, ""risk_3"": 1.35, ""risk_4"": 1.725, ""risk_5"": 2.25}, ""min_n"": 80, ""n_gammas"": 7, ""risk_oof_corr_abs_error"": 0.45399790222333475}"
risk6_gamma_signed,32.78948580278688,32.796417788517424,31.709977656463153,31.77026365632957,0.060285999866409645,0.5054596688974992,-0.44836976259328887,"{""gammas"": {""__GLOBAL__"": 1.0000000000000018, ""risk_0"": 0.3500000000000012, ""risk_1"": 0.8500000000000016, ""risk_2"": 1.0500000000000018, ""risk_3"": 1.350000000000002, ""risk_4"": 1.7250000000000023, ""risk_5"": 2.2500000000000027}, ""min_n"": 80, ""n_gammas"": 7, ""risk_oof_corr_abs_error"": 0.45399790222333475}"
family_x_note_count_gamma_positive,32.79057267227091,32.796417788517424,31.61971610867994,31.77026365632957,0.15054754764963074,0.49313138429024306,-0.7349896345363154,"{""gammas"": {""AF/PVI ablation|0"": 0.0, ""AF/PVI ablation|13-23"": 1.725, ""AF/PVI ablation|24 cap"": 1.75, ""Device implant|0"": 2.15, ""Device implant|13-23"": 1.0250000000000001, ""Device implant|24 cap"": 0.7000000000000001, ""Device revision-generator-upgrade|0"": 0.0, ""Device revision-generator-upgrade|13-23"": 0.35000000000000003, ""Device revision-generator-upgrade|24 cap"": 0.925, ""Diagnostic/testing|13-23"": 1.1, ""Diagnostic/testing|24 cap"": 0.07500000000000001, ""LAA closure|24 cap"": 1.0, ""Lead/device extraction-removal|24 cap"": 1.25, ""Other ablation|0"": 1.9500000000000002, ""Other ablation|13-23"": 1.0250000000000001, ""Other ablation|24 cap"": 1.075, ""Other ablation|6-12"": 2.5, ""Other|24 cap"": 0.45, ""VT/PVC ablation|13-23"": 2.5, ""VT/PVC ablation|24 cap"": 2.5, ""__GLOBAL__"": 1.0}, ""n_gammas"": 21}"
family_x_note_count_gamma_signed,32.791733282260246,32.796417788517424,31.61971610867994,31.77026365632957,0.1505475476496308,0.49700598802395207,-0.7349896345363198,"{""gammas"": {""AF/PVI ablation|0"": -1.0, ""AF/PVI ablation|13-23"": 1.7250000000000023, ""AF/PVI ablation|24 cap"": 1.7500000000000024, ""Device implant|0"": 2.150000000000003, ""Device implant|13-23"": 1.0250000000000017, ""Device implant|24 cap"": 0.7000000000000015, ""Device revision-generator-upgrade|0"": -0.4499999999999995, ""Device revision-generator-upgrade|13-23"": 0.3500000000000012, ""Device revision-generator-upgrade|24 cap"": 0.9250000000000017, ""Diagnostic/testing|13-23"": 1.1000000000000019, ""Diagnostic/testing|24 cap"": 0.07500000000000095, ""LAA closure|24 cap"": 1.0000000000000018, ""Lead/device extraction-removal|24 cap"": 1.250000000000002, ""Other ablation|0"": 1.9500000000000026, ""Other ablation|13-23"": 1.0250000000000017, ""Other ablation|24 cap"": 1.075000000000002, ""Other ablation|6-12"": 2.500000000000003, ""Other|24 cap"": 0.4500000000000013, ""VT/PVC ablation|13-23"": 2.500000000000003, ""VT/PVC ablation|24 cap"": 2.500000000000003, ""__GLOBAL__"": 1.0000000000000018}, ""n_gammas"": 21}"
risk8_x_sched_gamma_positive,32.79313697397519,32.796417788517424,31.771685600926624,31.77026365632957,-0.0014219445970530204,0.4712927087002466,-0.4262831575223993,"{""gammas"": {""__GLOBAL__"": 1.0, ""risk_0|90-149"": 0.1, ""risk_0|<90"": 0.35000000000000003, ""risk_1|150-209"": 0.45, ""risk_1|90-149"": 0.65, ""risk_1|<90"": 1.125, ""risk_2|150-209"": 1.725, ""risk_2|210-299"": 1.5250000000000001, ""risk_2|90-149"": 0.5, ""risk_2|<90"": 1.0250000000000001, ""risk_3|150-209"": 1.7750000000000001, ""risk_3|210-299"": 1.375, ""risk_3|90-149"": 0.0, ""risk_4|150-209"": 0.675, ""risk_4|210-299"": 1.125, ""risk_4|300-419"": 0.9, ""risk_4|90-149"": 1.875, ""risk_5|150-209"": 1.225, ""risk_5|210-299"": 1.9500000000000002, ""risk_5|300-419"": 2.5, ""risk_5|90-149"": 2.5, ""risk_6|150-209"": 0.0, ""risk_6|210-299"": 2.3000000000000003, ""risk_6|300-419"": 2.5, ""risk_6|90-149"": 0.0, ""risk_7|150-209"": 0.0, ""risk_7|210-299"": 1.2750000000000001, ""risk_7|300-419"": 2.5}, ""min_n"": 120, ""n_gammas"": 28, ""risk_oof_corr_abs_error"": 0.45397763400402785}"
risk3_x_family_gamma_signed,32.79336413580928,32.796417788517424,31.62531966290533,31.77026365632957,0.1449439934242422,0.4945403311025009,-0.6139557140775723,"{""gammas"": {""__GLOBAL__"": 1.0000000000000018, ""risk_0|AF/PVI ablation"": 0.3750000000000012, ""risk_0|Device implant"": 0.5250000000000014, ""risk_0|Device revision-generator-upgrade"": 0.7250000000000015, ""risk_0|Diagnostic/testing"": 0.125000000000001, ""risk_0|LAA closure"": 1.0000000000000018, ""risk_0|Other"": 0.3250000000000012, ""risk_0|Other ablation"": 1.0250000000000017, ""risk_1|AF/PVI ablation"": 1.7500000000000024, ""risk_1|Device implant"": 1.0500000000000018, ""risk_1|Device revision-generator-upgrade"": 1.4500000000000022, ""risk_1|Diagnostic/testing"": 0.07500000000000095, ""risk_1|Other ablation"": 0.6000000000000014, ""risk_1|VT/PVC ablation"": 1.8000000000000025, ""risk_2|AF/PVI ablation"": 2.425000000000003, ""risk_2|Device implant"": 0.2500000000000011, ""risk_2|Device revision-generator-upgrade"": 0.02500000000000091, ""risk_2|Diagnostic/testing"": 2.450000000000003, ""risk_2|Lead/device extraction-removal"": 2.500000000000003, ""risk_2|Other ablation"": 1.350000000000002, ""risk_2|VT/PVC ablation"": 2.500000000000003}, ""min_n"": 120, ""n_gammas"": 21, ""risk_oof_corr_abs_error"": 0.4545378570140534}"
risk5_gamma_signed,32.79391895532711,32.796417788517424,31.700875708908345,31.77026365632957,0.06938794742122172,0.42937654103557593,-0.26745010224078863,"{""gammas"": {""__GLOBAL__"": 1.0000000000000018, ""risk_0"": 0.40000000000000124, ""risk_1"": 1.0000000000000018, ""risk_2"": 0.9750000000000018, ""risk_3"": 1.5000000000000022, ""risk_4"": 2.2250000000000028}, ""min_n"": 80, ""n_gammas"": 6, ""risk_oof_corr_abs_error"": 0.4549402741352525}"
risk5_gamma_positive,32.79391895532711,32.796417788517424,31.700875708908345,31.77026365632957,0.0693879474212214,0.4145825995068686,-0.267450102240785,"{""gammas"": {""__GLOBAL__"": 1.0, ""risk_0"": 0.4, ""risk_1"": 1.0, ""risk_2"": 0.9750000000000001, ""risk_3"": 1.5, ""risk_4"": 2.225}, ""min_n"": 80, ""n_gammas"": 6, ""risk_oof_corr_abs_error"": 0.4549402741352525}"
risk6_x_family_gamma_positive,32.79519300396272,32.796417788517424,31.70110233648881,31.77026365632957,0.06916131984076483,0.43959140542444525,-0.5888474402360824,"{""gammas"": {""__GLOBAL__"": 1.0, ""risk_0|Device implant"": 0.25, ""risk_0|Device revision-generator-upgrade"": 0.5750000000000001, ""risk_0|Diagnostic/testing"": 0.025, ""risk_0|Other"": 0.325, ""risk_0|Other ablation"": 1.0250000000000001, ""risk_1|AF/PVI ablation"": 0.375, ""risk_1|Device implant"": 0.75, ""risk_1|Device revision-generator-upgrade"": 0.9750000000000001, ""risk_1|Diagnostic/testing"": 0.47500000000000003, ""risk_2|AF/PVI ablation"": 2.0500000000000003, ""risk_2|Device implant"": 0.9750000000000001, ""risk_2|Device revision-generator-upgrade"": 1.3250000000000002, ""risk_3|AF/PVI ablation"": 1.075, ""risk_3|Device implant"": 1.3250000000000002, ""risk_3|Device revision-generator-upgrade"": 1.475, ""risk_3|Diagnostic/testing"": 1.85, ""risk_3|Other ablation"": 0.675, ""risk_4|AF/PVI ablation"": 2.5, ""risk_4|Device implant"": 0.15000000000000002, ""risk_4|Device revision-generator-upgrade"": 0.6000000000000001, ""risk_4|Other ablation"": 1.8, ""risk_4|VT/PVC ablation"": 2.5, ""risk_5|AF/PVI ablation"": 2.5, ""risk_5|Lead/device extraction-removal"": 2.5, ""risk_5|Other ablation"": 1.5, ""risk_5|VT/PVC ablation"": 2.5}, ""min_n"": 120, ""n_gammas"": 27, ""risk_oof_corr_abs_error"": 0.45399790222333475}"
risk5_x_sched_gamma_positive,32.79553394699536,32.796417788517424,31.732069348184478,31.77026365632957,0.03819430814508956,0.47763296935540683,-0.45387292017000186,"{""gammas"": {""__GLOBAL__"": 1.0, ""risk_0|90-149"": 0.15000000000000002, ""risk_0|<90"": 0.625, ""risk_1|150-209"": 1.7000000000000002, ""risk_1|210-299"": 1.75, ""risk_1|90-149"": 0.775, ""risk_1|<90"": 1.425, ""risk_2|150-209"": 1.3250000000000002, ""risk_2|210-299"": 1.2000000000000002, ""risk_2|300-419"": 1.075, ""risk_2|90-149"": 0.325, ""risk_3|150-209"": 0.775, ""risk_3|210-299"": 1.5, ""risk_3|300-419"": 2.4000000000000004, ""risk_3|90-149"": 1.7750000000000001, ""risk_4|150-209"": 0.0, ""risk_4|210-299"": 2.5, ""risk_4|300-419"": 2.5, ""risk_4|420+"": 2.5}, ""min_n"": 120, ""n_gammas"": 19, ""risk_oof_corr_abs_error"": 0.4549402741352525}"
risk6_x_sched_gamma_positive,32.79581220587899,32.796417788517424,31.74465843946443,31.77026365632957,0.025605216865136178,0.48362099330750263,-0.5288659369596453,"{""gammas"": {""__GLOBAL__"": 1.0, ""risk_0|90-149"": 0.1, ""risk_0|<90"": 0.55, ""risk_1|150-209"": 0.8, ""risk_1|210-299"": 1.475, ""risk_1|90-149"": 0.675, ""risk_1|<90"": 1.0250000000000001, ""risk_2|150-209"": 1.9000000000000001, ""risk_2|210-299"": 1.425, ""risk_2|90-149"": 0.35000000000000003, ""risk_2|<90"": 1.75, ""risk_3|150-209"": 0.9750000000000001, ""risk_3|210-299"": 1.4000000000000001, ""risk_3|300-419"": 1.075, ""risk_3|90-149"": 1.8, ""risk_4|150-209"": 0.25, ""risk_4|210-299"": 1.8250000000000002, ""risk_4|300-419"": 2.5, ""risk_4|90-149"": 1.5250000000000001, ""risk_5|150-209"": 0.17500000000000002, ""risk_5|210-299"": 2.475, ""risk_5|300-419"": 2.5, ""risk_5|420+"": 2.5}, ""min_n"": 120, ""n_gammas"": 23, ""risk_oof_corr_abs_error"": 0.45399790222333475}"
risk5_x_sched_gamma_signed,32.79650145460993,32.796417788517424,31.734026920722435,31.77026365632957,0.03623673560713051,0.48291651990137374,-0.447334287698938,"{""gammas"": {""__GLOBAL__"": 1.0000000000000018, ""risk_0|90-149"": 0.15000000000000102, ""risk_0|<90"": 0.6250000000000014, ""risk_1|150-209"": 1.7000000000000024, ""risk_1|210-299"": 1.7500000000000024, ""risk_1|90-149"": 0.7750000000000016, ""risk_1|<90"": 1.425000000000002, ""risk_2|150-209"": 1.325000000000002, ""risk_2|210-299"": 1.200000000000002, ""risk_2|300-419"": 1.075000000000002, ""risk_2|90-149"": 0.3250000000000012, ""risk_3|150-209"": 0.7750000000000016, ""risk_3|210-299"": 1.5000000000000022, ""risk_3|300-419"": 2.400000000000003, ""risk_3|90-149"": 1.7750000000000026, ""risk_4|150-209"": -0.2249999999999993, ""risk_4|210-299"": 2.500000000000003, ""risk_4|300-419"": 2.500000000000003, ""risk_4|420+"": 2.500000000000003}, ""min_n"": 120, ""n_gammas"": 19, ""risk_oof_corr_abs_error"": 0.4549402741352525}"
risk5_x_pls_gap_gamma_positive,32.796742634865744,32.796417788517424,31.696725209842747,31.77026365632957,0.07353844648682298,0.4839732300105671,-0.6424950194719042,"{""gammas"": {""__GLOBAL__"": 1.0, ""risk_0|pls_higher"": 0.47500000000000003, ""risk_0|pls_lower"": 0.0, ""risk_0|pls_near"": 0.775, ""risk_1|pls_higher"": 0.9750000000000001, ""risk_1|pls_lower"": 0.275, ""risk_1|pls_near"": 1.425, ""risk_2|pls_higher"": 1.075, ""risk_2|pls_lower"": 0.55, ""risk_2|pls_near"": 1.3250000000000002, ""risk_3|pls_higher"": 1.7750000000000001, ""risk_3|pls_lower"": 1.4500000000000002, ""risk_3|pls_much_higher"": 2.5, ""risk_3|pls_near"": 0.9, ""risk_4|pls_higher"": 2.5, ""risk_4|pls_lower"": 0.7000000000000001, ""risk_4|pls_much_higher"": 1.5750000000000002, ""risk_4|pls_near"": 1.5}, ""min_n"": 100, ""n_gammas"": 18, ""risk_oof_corr_abs_error"": 0.4549402741352525}"
risk5_x_pls_gap_gamma_signed,32.79741983196774,32.796417788517424,31.698005501212744,31.77026365632957,0.07225815511682612,0.4906657273687918,-0.6434025053251499,"{""gammas"": {""__GLOBAL__"": 1.0000000000000018, ""risk_0|pls_higher"": 0.4750000000000013, ""risk_0|pls_lower"": -0.0999999999999992, ""risk_0|pls_near"": 0.7750000000000016, ""risk_1|pls_higher"": 0.9750000000000018, ""risk_1|pls_lower"": 0.27500000000000113, ""risk_1|pls_near"": 1.425000000000002, ""risk_2|pls_higher"": 1.075000000000002, ""risk_2|pls_lower"": 0.5500000000000014, ""risk_2|pls_near"": 1.325000000000002, ""risk_3|pls_higher"": 1.7750000000000026, ""risk_3|pls_lower"": 1.4500000000000022, ""risk_3|pls_much_higher"": 2.500000000000003, ""risk_3|pls_near"": 0.9000000000000017, ""risk_4|pls_higher"": 2.500000000000003, ""risk_4|pls_lower"": 0.7000000000000015, ""risk_4|pls_much_higher"": 1.5750000000000024, ""risk_4|pls_near"": 1.5000000000000022}, ""min_n"": 100, ""n_gammas"": 18, ""risk_oof_corr_abs_error"": 0.4549402741352525}"
risk6_x_family_x_pls_gap_gamma_signed,32.79772532075998,32.796417788517424,31.700105183055207,31.77026365632957,0.07015847327436271,0.25783726664318424,-0.41400480226350567,"{""gammas"": {""__GLOBAL__"": 1.0000000000000018, ""risk_0|Device revision-generator-upgrade|pls_lower"": 0.7250000000000015, ""risk_0|Device revision-generator-upgrade|pls_near"": 0.9000000000000017, ""risk_1|Device implant|pls_higher"": 0.7750000000000016, ""risk_1|Device implant|pls_lower"": -1.0, ""risk_1|Device implant|pls_near"": 1.4750000000000023, ""risk_1|Device revision-generator-upgrade|pls_near"": 1.175000000000002, ""risk_2|AF/PVI ablation|pls_higher"": 1.8250000000000024, ""risk_2|Device implant|pls_higher"": 1.0500000000000018, ""risk_2|Device implant|pls_lower"": 1.2250000000000019, ""risk_2|Device implant|pls_near"": 0.7750000000000016, ""risk_3|AF/PVI ablation|pls_higher"": 0.8750000000000017, ""risk_3|AF/PVI ablation|pls_near"": 1.5250000000000021, ""risk_3|Device implant|pls_higher"": 0.42500000000000127, ""risk_3|Device implant|pls_lower"": 2.500000000000003, ""risk_3|Device implant|pls_near"": 1.6750000000000025, ""risk_4|AF/PVI ablation|pls_higher"": 2.500000000000003, ""risk_4|AF/PVI ablation|pls_near"": 1.200000000000002, ""risk_5|AF/PVI ablation|pls_higher"": 2.500000000000003, ""risk_5|Other ablation|pls_higher"": 2.500000000000003, ""risk_5|VT/PVC ablation|pls_higher"": 2.500000000000003}, ""min_n"": 140, ""n_gammas"": 21, ""risk_oof_corr_abs_error"": 0.45399790222333475}"
risk6_x_family_x_pls_gap_gamma_positive,32.79772532075998,32.796417788517424,31.70404708338232,31.77026365632957,0.06621657294724853,0.21275096865093343,-0.40519285597795207,"{""gammas"": {""__GLOBAL__"": 1.0, ""risk_0|Device revision-generator-upgrade|pls_lower"": 0.7250000000000001, ""risk_0|Device revision-generator-upgrade|pls_near"": 0.9, ""risk_1|Device implant|pls_higher"": 0.775, ""risk_1|Device implant|pls_lower"": 0.0, ""risk_1|Device implant|pls_near"": 1.475, ""risk_1|Device revision-generator-upgrade|pls_near"": 1.175, ""risk_2|AF/PVI ablation|pls_higher"": 1.8250000000000002, ""risk_2|Device implant|pls_higher"": 1.05, ""risk_2|Device implant|pls_lower"": 1.225, ""risk_2|Device implant|pls_near"": 0.775, ""risk_3|AF/PVI ablation|pls_higher"": 0.875, ""risk_3|AF/PVI ablation|pls_near"": 1.5250000000000001, ""risk_3|Device implant|pls_higher"": 0.42500000000000004, ""risk_3|Device implant|pls_lower"": 2.5, ""risk_3|Device implant|pls_near"": 1.675, ""risk_4|AF/PVI ablation|pls_higher"": 2.5, ""risk_4|AF/PVI ablation|pls_near"": 1.2000000000000002, ""risk_5|AF/PVI ablation|pls_higher"": 2.5, ""risk_5|Other ablation|pls_higher"": 2.5, ""risk_5|VT/PVC ablation|pls_higher"": 2.5}, ""min_n"": 140, ""n_gammas"": 21, ""risk_oof_corr_abs_error"": 0.45399790222333475}"
pls_vote_bin_gamma_signed,32.80039517590742,32.796417788517424,31.757950717185896,31.77026365632957,0.012312939143671568,0.510743219443466,-0.2967759488392255,"{""gammas"": {""__GLOBAL__"": 1.0000000000000018, ""vote_down"": 0.8750000000000017, ""vote_down_strong"": 0.27500000000000113, ""vote_mixed"": 1.4500000000000022, ""vote_up"": 1.075000000000002, ""vote_up_strong"": 1.075000000000002}, ""n_gammas"": 6}"
pls_vote_bin_gamma_positive,32.800395175907425,32.796417788517424,31.757950717185896,31.77026365632957,0.012312939143671452,0.510743219443466,-0.2967759488392207,"{""gammas"": {""__GLOBAL__"": 1.0, ""vote_down"": 0.875, ""vote_down_strong"": 0.275, ""vote_mixed"": 1.4500000000000002, ""vote_up"": 1.075, ""vote_up_strong"": 1.075}, ""n_gammas"": 6}"
sched_x_pls_gap_gamma_positive,32.80100170905441,32.796417788517424,31.69524419935401,31.77026365632957,0.07501945697555563,0.4681225783726664,-0.8553531728290614,"{""gammas"": {""150-209|pls_higher"": 1.75, ""150-209|pls_lower"": 0.0, ""150-209|pls_near"": 1.175, ""210-299|pls_higher"": 1.5750000000000002, ""210-299|pls_lower"": 1.8250000000000002, ""210-299|pls_much_higher"": 2.0500000000000003, ""210-299|pls_near"": 1.35, ""300-419|pls_higher"": 2.5, ""300-419|pls_lower"": 1.3, ""300-419|pls_much_higher"": 2.275, ""300-419|pls_near"": 1.8250000000000002, ""420+|pls_higher"": 1.9500000000000002, ""90-149|pls_higher"": 0.5750000000000001, ""90-149|pls_lower"": 0.0, ""90-149|pls_much_higher"": 1.2000000000000002, ""90-149|pls_near"": 0.7000000000000001, ""<90|pls_higher"": 0.8, ""<90|pls_lower"": 0.35000000000000003, ""<90|pls_near"": 1.0, ""__GLOBAL__"": 1.0}, ""n_gammas"": 20}"
risk8_x_family_x_pls_gap_gamma_signed,32.801355683168616,32.796417788517424,31.719563846544926,31.77026365632957,0.05069980978464048,0.21768228249383587,-0.11490777418452926,"{""gammas"": {""__GLOBAL__"": 1.0000000000000018, ""risk_0|Device revision-generator-upgrade|pls_near"": 0.27500000000000113, ""risk_1|Device implant|pls_near"": 1.4750000000000023, ""risk_1|Device revision-generator-upgrade|pls_near"": 1.425000000000002, ""risk_1|Diagnostic/testing|pls_higher"": 0.6000000000000014, ""risk_2|Device implant|pls_higher"": 0.5000000000000013, ""risk_2|Device implant|pls_lower"": 0.8000000000000016, ""risk_2|Device implant|pls_near"": 1.5500000000000023, ""risk_3|Device implant|pls_higher"": 1.150000000000002, ""risk_3|Device implant|pls_lower"": 0.40000000000000124, ""risk_3|Device implant|pls_near"": 0.17500000000000104, ""risk_4|AF/PVI ablation|pls_near"": 1.5250000000000021, ""risk_4|Device implant|pls_lower"": 1.425000000000002, ""risk_4|Device implant|pls_near"": 2.0250000000000026, ""risk_5|AF/PVI ablation|pls_higher"": 2.300000000000003, ""risk_5|AF/PVI ablation|pls_near"": 0.20000000000000107, ""risk_6|AF/PVI ablation|pls_higher"": -0.39999999999999947, ""risk_6|AF/PVI ablation|pls_near"": 2.300000000000003, ""risk_7|AF/PVI ablation|pls_higher"": 2.500000000000003, ""risk_7|Other ablation|pls_higher"": 2.500000000000003, ""risk_7|VT/PVC ablation|pls_higher"": 2.500000000000003}, ""min_n"": 140, ""n_gammas"": 21, ""risk_oof_corr_abs_error"": 0.45397763400402785}"
risk8_x_family_x_pls_gap_gamma_positive,32.80161707538282,32.796417788517424,31.71503475440222,31.77026365632957,0.055228901927349625,0.16519901373723142,-0.13364682654415566,"{""gammas"": {""__GLOBAL__"": 1.0, ""risk_0|Device revision-generator-upgrade|pls_near"": 0.275, ""risk_1|Device implant|pls_near"": 1.475, ""risk_1|Device revision-generator-upgrade|pls_near"": 1.425, ""risk_1|Diagnostic/testing|pls_higher"": 0.6000000000000001, ""risk_2|Device implant|pls_higher"": 0.5, ""risk_2|Device implant|pls_lower"": 0.8, ""risk_2|Device implant|pls_near"": 1.55, ""risk_3|Device implant|pls_higher"": 1.1500000000000001, ""risk_3|Device implant|pls_lower"": 0.4, ""risk_3|Device implant|pls_near"": 0.17500000000000002, ""risk_4|AF/PVI ablation|pls_near"": 1.5250000000000001, ""risk_4|Device implant|pls_lower"": 1.425, ""risk_4|Device implant|pls_near"": 2.025, ""risk_5|AF/PVI ablation|pls_higher"": 2.3000000000000003, ""risk_5|AF/PVI ablation|pls_near"": 0.2, ""risk_6|AF/PVI ablation|pls_higher"": 0.0, ""risk_6|AF/PVI ablation|pls_near"": 2.3000000000000003, ""risk_7|AF/PVI ablation|pls_higher"": 2.5, ""risk_7|Other ablation|pls_higher"": 2.5, ""risk_7|VT/PVC ablation|pls_higher"": 2.5}, ""min_n"": 140, ""n_gammas"": 21, ""risk_oof_corr_abs_error"": 0.45397763400402785}"
risk8_x_sched_gamma_signed,32.80217916644716,32.796417788517424,31.7805631809369,31.77026365632957,-0.010299524607329065,0.476224022543149,-0.40369559979839514,"{""gammas"": {""__GLOBAL__"": 1.0000000000000018, ""risk_0|90-149"": 0.10000000000000098, ""risk_0|<90"": 0.3500000000000012, ""risk_1|150-209"": 0.4500000000000013, ""risk_1|90-149"": 0.6500000000000015, ""risk_1|<90"": 1.1250000000000018, ""risk_2|150-209"": 1.7250000000000023, ""risk_2|210-299"": 1.5250000000000021, ""risk_2|90-149"": 0.5000000000000013, ""risk_2|<90"": 1.0250000000000017, ""risk_3|150-209"": 1.7750000000000026, ""risk_3|210-299"": 1.3750000000000022, ""risk_3|90-149"": -0.12499999999999922, ""risk_4|150-209"": 0.6750000000000015, ""risk_4|210-299"": 1.1250000000000018, ""risk_4|300-419"": 0.9000000000000017, ""risk_4|90-149"": 1.8750000000000027, ""risk_5|150-209"": 1.2250000000000019, ""risk_5|210-299"": 1.9500000000000026, ""risk_5|300-419"": 2.500000000000003, ""risk_5|90-149"": 2.500000000000003, ""risk_6|150-209"": -0.24999999999999933, ""risk_6|210-299"": 2.300000000000003, ""risk_6|300-419"": 2.500000000000003, ""risk_6|90-149"": -0.6249999999999997, ""risk_7|150-209"": -0.049999999999999156, ""risk_7|210-299"": 1.2750000000000021, ""risk_7|300-419"": 2.500000000000003}, ""min_n"": 120, ""n_gammas"": 28, ""risk_oof_corr_abs_error"": 0.45397763400402785}"
risk8_gamma_positive,32.80273196734645,32.796417788517424,31.686447865837437,31.77026365632957,0.08381579049212785,0.5044029587883058,-0.290436155988838,"{""gammas"": {""__GLOBAL__"": 1.0, ""risk_0"": 0.275, ""risk_1"": 0.775, ""risk_2"": 0.8500000000000001, ""risk_3"": 0.9, ""risk_4"": 1.2000000000000002, ""risk_5"": 1.925, ""risk_6"": 1.425, ""risk_7"": 1.9500000000000002}, ""min_n"": 80, ""n_gammas"": 9, ""risk_oof_corr_abs_error"": 0.45397763400402785}"
risk8_gamma_signed,32.80273196734645,32.796417788517424,31.686447865837437,31.77026365632957,0.08381579049212835,0.5044029587883058,-0.2904361559888418,"{""gammas"": {""__GLOBAL__"": 1.0000000000000018, ""risk_0"": 0.27500000000000113, ""risk_1"": 0.7750000000000016, ""risk_2"": 0.8500000000000016, ""risk_3"": 0.9000000000000017, ""risk_4"": 1.200000000000002, ""risk_5"": 1.9250000000000025, ""risk_6"": 1.425000000000002, ""risk_7"": 1.9500000000000026}, ""min_n"": 80, ""n_gammas"": 9, ""risk_oof_corr_abs_error"": 0.45397763400402785}"
risk6_x_family_gamma_signed,32.80284116929972,32.796417788517424,31.701102336488802,31.77026365632957,0.06916131984076493,0.4476928495949278,-0.5888474402360868,"{""gammas"": {""__GLOBAL__"": 1.0000000000000018, ""risk_0|Device implant"": 0.2500000000000011, ""risk_0|Device revision-generator-upgrade"": 0.5750000000000014, ""risk_0|Diagnostic/testing"": 0.02500000000000091, ""risk_0|Other"": 0.3250000000000012, ""risk_0|Other ablation"": 1.0250000000000017, ""risk_1|AF/PVI ablation"": 0.3750000000000012, ""risk_1|Device implant"": 0.7500000000000016, ""risk_1|Device revision-generator-upgrade"": 0.9750000000000018, ""risk_1|Diagnostic/testing"": 0.4750000000000013, ""risk_2|AF/PVI ablation"": 2.0500000000000025, ""risk_2|Device implant"": 0.9750000000000018, ""risk_2|Device revision-generator-upgrade"": 1.325000000000002, ""risk_3|AF/PVI ablation"": 1.075000000000002, ""risk_3|Device implant"": 1.325000000000002, ""risk_3|Device revision-generator-upgrade"": 1.4750000000000023, ""risk_3|Diagnostic/testing"": 1.8500000000000025, ""risk_3|Other ablation"": 0.6750000000000015, ""risk_4|AF/PVI ablation"": 2.500000000000003, ""risk_4|Device implant"": 0.15000000000000102, ""risk_4|Device revision-generator-upgrade"": 0.6000000000000014, ""risk_4|Other ablation"": 1.8000000000000025, ""risk_4|VT/PVC ablation"": 2.500000000000003, ""risk_5|AF/PVI ablation"": 2.500000000000003, ""risk_5|Lead/device extraction-removal"": 2.500000000000003, ""risk_5|Other ablation"": 1.5000000000000022, ""risk_5|VT/PVC ablation"": 2.500000000000003}, ""min_n"": 120, ""n_gammas"": 27, ""risk_oof_corr_abs_error"": 0.45399790222333475}"
risk6_x_sched_gamma_signed,32.80299388403459,32.796417788517424,31.74465843946443,31.77026365632957,0.025605216865135973,0.4874955970412117,-0.5288659369596499,"{""gammas"": {""__GLOBAL__"": 1.0000000000000018, ""risk_0|90-149"": 0.10000000000000098, ""risk_0|<90"": 0.5500000000000014, ""risk_1|150-209"": 0.8000000000000016, ""risk_1|210-299"": 1.4750000000000023, ""risk_1|90-149"": 0.6750000000000015, ""risk_1|<90"": 1.0250000000000017, ""risk_2|150-209"": 1.9000000000000026, ""risk_2|210-299"": 1.425000000000002, ""risk_2|90-149"": 0.3500000000000012, ""risk_2|<90"": 1.7500000000000024, ""risk_3|150-209"": 0.9750000000000018, ""risk_3|210-299"": 1.4000000000000021, ""risk_3|300-419"": 1.075000000000002, ""risk_3|90-149"": 1.8000000000000025, ""risk_4|150-209"": 0.2500000000000011, ""risk_4|210-299"": 1.8250000000000024, ""risk_4|300-419"": 2.500000000000003, ""risk_4|90-149"": 1.5250000000000021, ""risk_5|150-209"": 0.17500000000000104, ""risk_5|210-299"": 2.475000000000003, ""risk_5|300-419"": 2.500000000000003, ""risk_5|420+"": 2.500000000000003}, ""min_n"": 120, ""n_gammas"": 23, ""risk_oof_corr_abs_error"": 0.45399790222333475}"
global_gamma_positive,32.80328545464226,32.796417788517424,31.77026365632957,31.77026365632957,0.0,0.0,0.0,"{""gammas"": {""__GLOBAL__"": 1.0, ""all"": 1.0}}"
global_gamma_signed,32.80328545464226,32.796417788517424,31.77026365632957,31.77026365632957,1.7144127298191922e-16,0.06622050017611836,-1.58802171835077e-15,"{""gammas"": {""__GLOBAL__"": 1.0000000000000018, ""all"": 1.0000000000000018}}"
family_x_pls_gap_gamma_positive,32.80403375515536,32.796417788517424,31.657512628356876,31.77026365632957,0.1127510279726911,0.45156745332863685,-0.8156207266649005,"{""gammas"": {""AF/PVI ablation|pls_higher"": 1.8, ""AF/PVI ablation|pls_lower"": 1.8250000000000002, ""AF/PVI ablation|pls_much_higher"": 2.325, ""AF/PVI ablation|pls_near"": 1.25, ""Device implant|pls_higher"": 0.5, ""Device implant|pls_lower"": 0.5, ""Device implant|pls_much_higher"": 1.225, ""Device implant|pls_near"": 1.0, ""Device revision-generator-upgrade|pls_higher"": 0.75, ""Device revision-generator-upgrade|pls_lower"": 0.0, ""Device revision-generator-upgrade|pls_near"": 1.2000000000000002, ""Diagnostic/testing|pls_higher"": 0.6000000000000001, ""Diagnostic/testing|pls_lower"": 0.0, ""Diagnostic/testing|pls_near"": 0.9500000000000001, ""LAA closure|pls_near"": 0.775, ""Lead/device extraction-removal|pls_higher"": 1.85, ""Lead/device extraction-removal|pls_near"": 0.225, ""Other ablation|pls_higher"": 1.625, ""Other ablation|pls_lower"": 0.925, ""Other ablation|pls_much_higher"": 0.0, ""Other ablation|pls_near"": 0.75, ""Other|pls_higher"": 0.625, ""Other|pls_lower"": 0.0, ""Other|pls_near"": 0.42500000000000004, ""VT/PVC ablation|pls_higher"": 2.5, ""VT/PVC ablation|pls_lower"": 1.1, ""VT/PVC ablation|pls_much_higher"": 2.5, ""VT/PVC ablation|pls_near"": 1.8250000000000002, ""__GLOBAL__"": 1.0}, ""n_gammas"": 29}"
risk3_x_family_x_pls_gap_gamma_positive,32.804203256468,32.796417788517424,31.58239405744842,31.77026365632957,0.1878695988811454,0.3328636843959141,-0.6578709516278896,"{""gammas"": {""__GLOBAL__"": 1.0, ""risk_0|Device implant|pls_higher"": 0.35000000000000003, ""risk_0|Device implant|pls_lower"": 0.0, ""risk_0|Device implant|pls_near"": 1.4500000000000002, ""risk_0|Device revision-generator-upgrade|pls_higher"": 0.6000000000000001, ""risk_0|Device revision-generator-upgrade|pls_lower"": 0.325, ""risk_0|Device revision-generator-upgrade|pls_near"": 1.0, ""risk_0|Diagnostic/testing|pls_higher"": 0.6000000000000001, ""risk_0|Diagnostic/testing|pls_near"": 0.0, ""risk_1|AF/PVI ablation|pls_higher"": 1.75, ""risk_1|AF/PVI ablation|pls_lower"": 1.5, ""risk_1|AF/PVI ablation|pls_near"": 1.85, ""risk_1|Device implant|pls_higher"": 0.8500000000000001, ""risk_1|Device implant|pls_lower"": 1.25, ""risk_1|Device implant|pls_near"": 0.9, ""risk_1|Device revision-generator-upgrade|pls_near"": 2.125, ""risk_1|Other ablation|pls_near"": 0.30000000000000004, ""risk_2|AF/PVI ablation|pls_higher"": 2.5, ""risk_2|AF/PVI ablation|pls_near"": 1.375, ""risk_2|Device implant|pls_near"": 0.0, ""risk_2|Other ablation|pls_higher"": 2.5, ""risk_2|Other ablation|pls_near"": 0.45, ""risk_2|VT/PVC ablation|pls_higher"": 2.5, ""risk_2|VT/PVC ablation|pls_much_higher"": 2.5, ""risk_2|VT/PVC ablation|pls_near"": 1.8250000000000002}, ""min_n"": 140, ""n_gammas"": 25, ""risk_oof_corr_abs_error"": 0.4545378570140534}"
risk_surface_pls_gamma_positive,32.805908446657774,32.796417788517424,31.68170900453618,31.77026365632957,0.08855465179338837,0.3497710461430081,-0.21264090358463314,"{""gammas"": {""AF/PVI ablation|210-299|pls_higher"": 1.7750000000000001, ""AF/PVI ablation|210-299|pls_lower"": 2.15, ""AF/PVI ablation|210-299|pls_near"": 0.8250000000000001, ""AF/PVI ablation|300-419|pls_higher"": 1.475, ""AF/PVI ablation|300-419|pls_near"": 2.5, ""Device implant|150-209|pls_higher"": 1.0, ""Device implant|150-209|pls_lower"": 0.0, ""Device implant|150-209|pls_near"": 0.42500000000000004, ""Device implant|90-149|pls_higher"": 0.42500000000000004, ""Device implant|90-149|pls_lower"": 0.625, ""Device implant|90-149|pls_near"": 0.875, ""Device revision-generator-upgrade|150-209|pls_lower"": 0.0, ""Device revision-generator-upgrade|150-209|pls_near"": 2.075, ""Device revision-generator-upgrade|90-149|pls_higher"": 0.8, ""Device revision-generator-upgrade|90-149|pls_lower"": 0.0, ""Device revision-generator-upgrade|90-149|pls_near"": 0.0, ""Device revision-generator-upgrade|<90|pls_higher"": 0.8, ""Device revision-generator-upgrade|<90|pls_lower"": 1.6500000000000001, ""Device revision-generator-upgrade|<90|pls_near"": 1.175, ""Diagnostic/testing|90-149|pls_higher"": 0.47500000000000003, ""Diagnostic/testing|90-149|pls_lower"": 0.0, ""Diagnostic/testing|90-149|pls_near"": 0.0, ""Other ablation|150-209|pls_higher"": 2.5, ""Other ablation|150-209|pls_near"": 0.0, ""Other ablation|210-299|pls_higher"": 0.2, ""Other ablation|210-299|pls_near"": 0.30000000000000004, ""Other ablation|300-419|pls_higher"": 2.5, ""Other ablation|300-419|pls_near"": 0.0, ""Other ablation|<90|pls_lower"": 0.925, ""Other ablation|<90|pls_near"": 1.175, ""Other|<90|pls_higher"": 0.625, ""Other|<90|pls_lower"": 0.0, ""Other|<90|pls_near"": 0.9750000000000001, ""VT/PVC ablation|210-299|pls_higher"": 2.5, ""VT/PVC ablation|210-299|pls_near"": 1.35, ""VT/PVC ablation|300-419|pls_higher"": 2.5, ""VT/PVC ablation|300-419|pls_near"": 2.25, ""__GLOBAL__"": 1.0}, ""n_gammas"": 38}"
family_x_pls_gap_gamma_signed,32.80715791342896,32.796417788517424,31.686685197436177,31.77026365632957,0.0835784588933926,0.4579077139837971,-0.7614397806500107,"{""gammas"": {""AF/PVI ablation|pls_higher"": 1.8000000000000025, ""AF/PVI ablation|pls_lower"": 1.8250000000000024, ""AF/PVI ablation|pls_much_higher"": 2.325000000000003, ""AF/PVI ablation|pls_near"": 1.250000000000002, ""Device implant|pls_higher"": 0.5000000000000013, ""Device implant|pls_lower"": 0.5000000000000013, ""Device implant|pls_much_higher"": 1.2250000000000019, ""Device implant|pls_near"": 1.0000000000000018, ""Device revision-generator-upgrade|pls_higher"": 0.7500000000000016, ""Device revision-generator-upgrade|pls_lower"": -0.049999999999999156, ""Device revision-generator-upgrade|pls_near"": 1.200000000000002, ""Diagnostic/testing|pls_higher"": 0.6000000000000014, ""Diagnostic/testing|pls_lower"": -1.0, ""Diagnostic/testing|pls_near"": 0.9500000000000017, ""LAA closure|pls_near"": 0.7750000000000016, ""Lead/device extraction-removal|pls_higher"": 1.8500000000000025, ""Lead/device extraction-removal|pls_near"": 0.2250000000000011, ""Other ablation|pls_higher"": 1.6250000000000022, ""Other ablation|pls_lower"": 0.9250000000000017, ""Other ablation|pls_much_higher"": -0.8999999999999999, ""Other ablation|pls_near"": 0.7500000000000016, ""Other|pls_higher"": 0.6250000000000014, ""Other|pls_lower"": -0.17499999999999927, ""Other|pls_near"": 0.42500000000000127, ""VT/PVC ablation|pls_higher"": 2.500000000000003, ""VT/PVC ablation|pls_lower"": 1.1000000000000019, ""VT/PVC ablation|pls_much_higher"": 2.500000000000003, ""VT/PVC ablation|pls_near"": 1.8250000000000024, ""__GLOBAL__"": 1.0000000000000018}, ""n_gammas"": 29}"
sched_x_pls_gap_gamma_signed,32.807217196285755,32.796417788517424,31.701043501249874,31.77026365632957,0.0692201550796936,0.47974638957379356,-0.8614404148128408,"{""gammas"": {""150-209|pls_higher"": 1.7500000000000024, ""150-209|pls_lower"": -0.6499999999999997, ""150-209|pls_near"": 1.175000000000002, ""210-299|pls_higher"": 1.5750000000000024, ""210-299|pls_lower"": 1.8250000000000024, ""210-299|pls_much_higher"": 2.0500000000000025, ""210-299|pls_near"": 1.350000000000002, ""300-419|pls_higher"": 2.500000000000003, ""300-419|pls_lower"": 1.300000000000002, ""300-419|pls_much_higher"": 2.275000000000003, ""300-419|pls_near"": 1.8250000000000024, ""420+|pls_higher"": 1.9500000000000026, ""90-149|pls_higher"": 0.5750000000000014, ""90-149|pls_lower"": -0.0999999999999992, ""90-149|pls_much_higher"": 1.200000000000002, ""90-149|pls_near"": 0.7000000000000015, ""<90|pls_higher"": 0.8000000000000016, ""<90|pls_lower"": 0.3500000000000012, ""<90|pls_near"": 1.0000000000000018, ""__GLOBAL__"": 1.0000000000000018}, ""n_gammas"": 20}"
risk5_x_family_x_pls_gap_gamma_positive,32.80763227107273,32.796417788517424,31.69510044286343,31.77026365632957,0.07516321346614144,0.22719267347657626,-0.43810740054659175,"{""gammas"": {""__GLOBAL__"": 1.0, ""risk_0|Device implant|pls_near"": 0.9750000000000001, ""risk_0|Device revision-generator-upgrade|pls_lower"": 0.7000000000000001, ""risk_0|Device revision-generator-upgrade|pls_near"": 0.9750000000000001, ""risk_1|Device implant|pls_higher"": 0.9, ""risk_1|Device implant|pls_lower"": 0.525, ""risk_1|Device implant|pls_near"": 1.425, ""risk_1|Device revision-generator-upgrade|pls_near"": 1.4500000000000002, ""risk_2|AF/PVI ablation|pls_higher"": 1.5750000000000002, ""risk_2|AF/PVI ablation|pls_near"": 2.5, ""risk_2|Device implant|pls_higher"": 0.05, ""risk_2|Device implant|pls_lower"": 1.0, ""risk_2|Device implant|pls_near"": 1.225, ""risk_3|AF/PVI ablation|pls_higher"": 1.475, ""risk_3|AF/PVI ablation|pls_lower"": 2.5, ""risk_3|AF/PVI ablation|pls_near"": 0.65, ""risk_3|Device implant|pls_near"": 0.0, ""risk_4|AF/PVI ablation|pls_higher"": 2.5, ""risk_4|AF/PVI ablation|pls_near"": 1.25, ""risk_4|Other ablation|pls_higher"": 2.5, ""risk_4|Other ablation|pls_near"": 2.0, ""risk_4|VT/PVC ablation|pls_higher"": 2.5, ""risk_4|VT/PVC ablation|pls_near"": 1.375}, ""min_n"": 140, ""n_gammas"": 23, ""risk_oof_corr_abs_error"": 0.4549402741352525}"
risk6_x_pls_gap_gamma_positive,32.80785104319205,32.796417788517424,31.671828339400324,31.77026365632957,0.09843531692924457,0.48185980979218035,-0.6084708457002724,"{""gammas"": {""__GLOBAL__"": 1.0, ""risk_0|pls_higher"": 0.47500000000000003, ""risk_0|pls_lower"": 0.0, ""risk_0|pls_near"": 0.675, ""risk_1|pls_higher"": 0.9, ""risk_1|pls_lower"": 0.0, ""risk_1|pls_near"": 0.9750000000000001, ""risk_2|pls_higher"": 1.125, ""risk_2|pls_lower"": 0.4, ""risk_2|pls_near"": 1.375, ""risk_3|pls_higher"": 1.175, ""risk_3|pls_lower"": 1.3250000000000002, ""risk_3|pls_near"": 1.675, ""risk_4|pls_higher"": 2.3000000000000003, ""risk_4|pls_lower"": 0.9750000000000001, ""risk_4|pls_near"": 1.225, ""risk_5|pls_higher"": 2.5, ""risk_5|pls_lower"": 1.075, ""risk_5|pls_much_higher"": 1.5750000000000002, ""risk_5|pls_near"": 1.4500000000000002}, ""min_n"": 100, ""n_gammas"": 20, ""risk_oof_corr_abs_error"": 0.45399790222333475}"
risk5_x_family_x_pls_gap_gamma_signed,32.8087989109941,32.796417788517424,31.694869466979934,31.77026365632957,0.07539418934963363,0.2726312081718915,-0.4224599040917533,"{""gammas"": {""__GLOBAL__"": 1.0000000000000018, ""risk_0|Device implant|pls_near"": 0.9750000000000018, ""risk_0|Device revision-generator-upgrade|pls_lower"": 0.7000000000000015, ""risk_0|Device revision-generator-upgrade|pls_near"": 0.9750000000000018, ""risk_1|Device implant|pls_higher"": 0.9000000000000017, ""risk_1|Device implant|pls_lower"": 0.5250000000000014, ""risk_1|Device implant|pls_near"": 1.425000000000002, ""risk_1|Device revision-generator-upgrade|pls_near"": 1.4500000000000022, ""risk_2|AF/PVI ablation|pls_higher"": 1.5750000000000024, ""risk_2|AF/PVI ablation|pls_near"": 2.500000000000003, ""risk_2|Device implant|pls_higher"": 0.05000000000000093, ""risk_2|Device implant|pls_lower"": 1.0000000000000018, ""risk_2|Device implant|pls_near"": 1.2250000000000019, ""risk_3|AF/PVI ablation|pls_higher"": 1.4750000000000023, ""risk_3|AF/PVI ablation|pls_lower"": 2.500000000000003, ""risk_3|AF/PVI ablation|pls_near"": 0.6500000000000015, ""risk_3|Device implant|pls_near"": -1.0, ""risk_4|AF/PVI ablation|pls_higher"": 2.500000000000003, ""risk_4|AF/PVI ablation|pls_near"": 1.250000000000002, ""risk_4|Other ablation|pls_higher"": 2.500000000000003, ""risk_4|Other ablation|pls_near"": 2.0000000000000027, ""risk_4|VT/PVC ablation|pls_higher"": 2.500000000000003, ""risk_4|VT/PVC ablation|pls_near"": 1.3750000000000022}, ""min_n"": 140, ""n_gammas"": 23, ""risk_oof_corr_abs_error"": 0.4549402741352525}"
risk5_x_family_gamma_positive,32.810782971467155,32.796417788517424,31.622373663328876,31.77026365632957,0.14788999300069253,0.4681225783726664,-0.4173841350755281,"{""gammas"": {""__GLOBAL__"": 1.0, ""risk_0|Device implant"": 0.275, ""risk_0|Device revision-generator-upgrade"": 0.625, ""risk_0|Diagnostic/testing"": 0.07500000000000001, ""risk_0|Other"": 0.30000000000000004, ""risk_0|Other ablation"": 1.1, ""risk_1|AF/PVI ablation"": 1.5, ""risk_1|Device implant"": 0.925, ""risk_1|Device revision-generator-upgrade"": 1.0, ""risk_1|Diagnostic/testing"": 0.30000000000000004, ""risk_2|AF/PVI ablation"": 1.5750000000000002, ""risk_2|Device implant"": 0.375, ""risk_2|Device revision-generator-upgrade"": 0.9750000000000001, ""risk_2|Diagnostic/testing"": 0.0, ""risk_2|Other ablation"": 0.4, ""risk_3|AF/PVI ablation"": 1.8250000000000002, ""risk_3|Device implant"": 1.1500000000000001, ""risk_3|Device revision-generator-upgrade"": 1.625, ""risk_3|Diagnostic/testing"": 1.8250000000000002, ""risk_3|Other ablation"": 1.0250000000000001, ""risk_3|VT/PVC ablation"": 2.375, ""risk_4|AF/PVI ablation"": 2.5, ""risk_4|Device implant"": 0.0, ""risk_4|Device revision-generator-upgrade"": 0.0, ""risk_4|Lead/device extraction-removal"": 2.5, ""risk_4|Other ablation"": 1.5, ""risk_4|VT/PVC ablation"": 2.5}, ""min_n"": 120, ""n_gammas"": 27, ""risk_oof_corr_abs_error"": 0.4549402741352525}"
risk3_x_family_x_pls_gap_gamma_signed,32.811180060580945,32.796417788517424,31.579505676856442,31.77026365632957,0.19075797947312492,0.3663261711870377,-0.6644097534525154,"{""gammas"": {""__GLOBAL__"": 1.0000000000000018, ""risk_0|Device implant|pls_higher"": 0.3500000000000012, ""risk_0|Device implant|pls_lower"": -1.0, ""risk_0|Device implant|pls_near"": 1.4500000000000022, ""risk_0|Device revision-generator-upgrade|pls_higher"": 0.6000000000000014, ""risk_0|Device revision-generator-upgrade|pls_lower"": 0.3250000000000012, ""risk_0|Device revision-generator-upgrade|pls_near"": 1.0000000000000018, ""risk_0|Diagnostic/testing|pls_higher"": 0.6000000000000014, ""risk_0|Diagnostic/testing|pls_near"": -0.27499999999999936, ""risk_1|AF/PVI ablation|pls_higher"": 1.7500000000000024, ""risk_1|AF/PVI ablation|pls_lower"": 1.5000000000000022, ""risk_1|AF/PVI ablation|pls_near"": 1.8500000000000025, ""risk_1|Device implant|pls_higher"": 0.8500000000000016, ""risk_1|Device implant|pls_lower"": 1.250000000000002, ""risk_1|Device implant|pls_near"": 0.9000000000000017, ""risk_1|Device revision-generator-upgrade|pls_near"": 2.1250000000000027, ""risk_1|Other ablation|pls_near"": 0.30000000000000115, ""risk_2|AF/PVI ablation|pls_higher"": 2.500000000000003, ""risk_2|AF/PVI ablation|pls_near"": 1.3750000000000022, ""risk_2|Device implant|pls_near"": -0.1999999999999993, ""risk_2|Other ablation|pls_higher"": 2.500000000000003, ""risk_2|Other ablation|pls_near"": 0.4500000000000013, ""risk_2|VT/PVC ablation|pls_higher"": 2.500000000000003, ""risk_2|VT/PVC ablation|pls_much_higher"": 2.500000000000003, ""risk_2|VT/PVC ablation|pls_near"": 1.8250000000000024}, ""min_n"": 140, ""n_gammas"": 25, ""risk_oof_corr_abs_error"": 0.4545378570140534}"
pls_spread_bin_gamma_positive,32.81325487478468,32.796417788517424,31.764457838091886,31.77026365632957,0.005805818237682996,0.24797463895737937,-0.010946050998612147,"{""gammas"": {""__GLOBAL__"": 1.0, ""spread_low"": 1.0250000000000001, ""spread_med"": 0.65, ""spread_vlow"": 1.0}, ""n_gammas"": 4}"
pls_spread_bin_gamma_signed,32.81325487478468,32.796417788517424,31.764457838091886,31.77026365632957,0.005805818237683282,0.28214159915463194,-0.010946050998614532,"{""gammas"": {""__GLOBAL__"": 1.0000000000000018, ""spread_low"": 1.0250000000000017, ""spread_med"": 0.6500000000000015, ""spread_vlow"": 1.0000000000000018}, ""n_gammas"": 4}"
risk6_x_pls_gap_gamma_signed,32.81503651664578,32.796417788517424,31.672435896912386,31.77026365632957,0.09782775941718164,0.4903134906657274,-0.6112847899906861,"{""gammas"": {""__GLOBAL__"": 1.0000000000000018, ""risk_0|pls_higher"": 0.4750000000000013, ""risk_0|pls_lower"": -0.049999999999999156, ""risk_0|pls_near"": 0.6750000000000015, ""risk_1|pls_higher"": 0.9000000000000017, ""risk_1|pls_lower"": -0.07499999999999918, ""risk_1|pls_near"": 0.9750000000000018, ""risk_2|pls_higher"": 1.1250000000000018, ""risk_2|pls_lower"": 0.40000000000000124, ""risk_2|pls_near"": 1.3750000000000022, ""risk_3|pls_higher"": 1.175000000000002, ""risk_3|pls_lower"": 1.325000000000002, ""risk_3|pls_near"": 1.6750000000000025, ""risk_4|pls_higher"": 2.300000000000003, ""risk_4|pls_lower"": 0.9750000000000018, ""risk_4|pls_near"": 1.2250000000000019, ""risk_5|pls_higher"": 2.500000000000003, ""risk_5|pls_lower"": 1.075000000000002, ""risk_5|pls_much_higher"": 1.5750000000000024, ""risk_5|pls_near"": 1.4500000000000022}, ""min_n"": 100, ""n_gammas"": 20, ""risk_oof_corr_abs_error"": 0.45399790222333475}"
note_count_bin_gamma_signed,32.815586178516675,32.796417788517424,31.738076236522605,31.77026365632957,0.032187419806959265,0.12187389926030293,-0.17369498755897242,"{""gammas"": {""0"": 0.8000000000000016, ""1-5"": 0.6000000000000014, ""13-23"": 1.250000000000002, ""24 cap"": 1.0000000000000018, ""6-12"": 2.350000000000003, ""__GLOBAL__"": 1.0000000000000018}, ""n_gammas"": 6}"
note_count_bin_gamma_positive,32.815586178516675,32.796417788517424,31.738076236522605,31.77026365632957,0.03218741980695914,0.06692497358224728,-0.17369498755897025,"{""gammas"": {""0"": 0.8, ""1-5"": 0.6000000000000001, ""13-23"": 1.25, ""24 cap"": 1.0, ""6-12"": 2.35, ""__GLOBAL__"": 1.0}, ""n_gammas"": 6}"
risk_surface_pls_gamma_signed,32.819490090414845,32.796417788517424,31.702201222899447,31.77026365632957,0.06806243343012393,0.37266643184219794,-0.2093058437636727,"{""gammas"": {""AF/PVI ablation|210-299|pls_higher"": 1.7750000000000026, ""AF/PVI ablation|210-299|pls_lower"": 2.150000000000003, ""AF/PVI ablation|210-299|pls_near"": 0.8250000000000016, ""AF/PVI ablation|300-419|pls_higher"": 1.4750000000000023, ""AF/PVI ablation|300-419|pls_near"": 2.500000000000003, ""Device implant|150-209|pls_higher"": 1.0000000000000018, ""Device implant|150-209|pls_lower"": -0.47499999999999953, ""Device implant|150-209|pls_near"": 0.42500000000000127, ""Device implant|90-149|pls_higher"": 0.42500000000000127, ""Device implant|90-149|pls_lower"": 0.6250000000000014, ""Device implant|90-149|pls_near"": 0.8750000000000017, ""Device revision-generator-upgrade|150-209|pls_lower"": -1.0, ""Device revision-generator-upgrade|150-209|pls_near"": 2.075000000000003, ""Device revision-generator-upgrade|90-149|pls_higher"": 0.8000000000000016, ""Device revision-generator-upgrade|90-149|pls_lower"": -0.7999999999999998, ""Device revision-generator-upgrade|90-149|pls_near"": -0.024999999999999134, ""Device revision-generator-upgrade|<90|pls_higher"": 0.8000000000000016, ""Device revision-generator-upgrade|<90|pls_lower"": 1.6500000000000024, ""Device revision-generator-upgrade|<90|pls_near"": 1.175000000000002, ""Diagnostic/testing|90-149|pls_higher"": 0.4750000000000013, ""Diagnostic/testing|90-149|pls_lower"": -1.0, ""Diagnostic/testing|90-149|pls_near"": -0.17499999999999927, ""Other ablation|150-209|pls_higher"": 2.500000000000003, ""Other ablation|150-209|pls_near"": -1.0, ""Other ablation|210-299|pls_higher"": 0.20000000000000107, ""Other ablation|210-299|pls_near"": 0.30000000000000115, ""Other ablation|300-419|pls_higher"": 2.500000000000003, ""Other ablation|300-419|pls_near"": -1.0, ""Other ablation|<90|pls_lower"": 0.9250000000000017, ""Other ablation|<90|pls_near"": 1.175000000000002, ""Other|<90|pls_higher"": 0.6250000000000014, ""Other|<90|pls_lower"": -0.049999999999999156, ""Other|<90|pls_near"": 0.9750000000000018, ""VT/PVC ablation|210-299|pls_higher"": 2.500000000000003, ""VT/PVC ablation|210-299|pls_near"": 1.350000000000002, ""VT/PVC ablation|300-419|pls_higher"": 2.500000000000003, ""VT/PVC ablation|300-419|pls_near"": 2.2500000000000027, ""__GLOBAL__"": 1.0000000000000018}, ""n_gammas"": 38}"
risk5_x_family_gamma_signed,32.819643304527986,32.796417788517424,31.629295387551938,31.77026365632957,0.140968268777626,0.4755195491370201,-0.4153368365122717,"{""gammas"": {""__GLOBAL__"": 1.0000000000000018, ""risk_0|Device implant"": 0.27500000000000113, ""risk_0|Device revision-generator-upgrade"": 0.6250000000000014, ""risk_0|Diagnostic/testing"": 0.07500000000000095, ""risk_0|Other"": 0.30000000000000115, ""risk_0|Other ablation"": 1.1000000000000019, ""risk_1|AF/PVI ablation"": 1.5000000000000022, ""risk_1|Device implant"": 0.9250000000000017, ""risk_1|Device revision-generator-upgrade"": 1.0000000000000018, ""risk_1|Diagnostic/testing"": 0.30000000000000115, ""risk_2|AF/PVI ablation"": 1.5750000000000024, ""risk_2|Device implant"": 0.3750000000000012, ""risk_2|Device revision-generator-upgrade"": 0.9750000000000018, ""risk_2|Diagnostic/testing"": -0.14999999999999925, ""risk_2|Other ablation"": 0.40000000000000124, ""risk_3|AF/PVI ablation"": 1.8250000000000024, ""risk_3|Device implant"": 1.150000000000002, ""risk_3|Device revision-generator-upgrade"": 1.6250000000000022, ""risk_3|Diagnostic/testing"": 1.8250000000000024, ""risk_3|Other ablation"": 1.0250000000000017, ""risk_3|VT/PVC ablation"": 2.375000000000003, ""risk_4|AF/PVI ablation"": 2.500000000000003, ""risk_4|Device implant"": -0.14999999999999925, ""risk_4|Device revision-generator-upgrade"": -0.47499999999999953, ""risk_4|Lead/device extraction-removal"": 2.500000000000003, ""risk_4|Other ablation"": 1.5000000000000022, ""risk_4|VT/PVC ablation"": 2.500000000000003}, ""min_n"": 120, ""n_gammas"": 27, ""risk_oof_corr_abs_error"": 0.4549402741352525}"
risk8_x_family_gamma_positive,32.82048120015773,32.796417788517424,31.599978515459796,31.77026365632957,0.17028514086977456,0.43078548784783377,-0.6007472258420313,"{""gammas"": {""__GLOBAL__"": 1.0, ""risk_0|Device implant"": 0.25, ""risk_0|Device revision-generator-upgrade"": 0.45, ""risk_0|Other"": 0.275, ""risk_0|Other ablation"": 0.875, ""risk_1|Device implant"": 0.875, ""risk_1|Device revision-generator-upgrade"": 1.1, ""risk_1|Diagnostic/testing"": 0.25, ""risk_1|Other ablation"": 1.1, ""risk_2|AF/PVI ablation"": 1.125, ""risk_2|Device implant"": 0.775, ""risk_2|Device revision-generator-upgrade"": 0.4, ""risk_3|AF/PVI ablation"": 1.8250000000000002, ""risk_3|Device implant"": 0.875, ""risk_3|Device revision-generator-upgrade"": 0.9, ""risk_4|AF/PVI ablation"": 1.4500000000000002, ""risk_4|Device implant"": 1.0250000000000001, ""risk_4|Device revision-generator-upgrade"": 1.5, ""risk_4|Other ablation"": 0.30000000000000004, ""risk_5|AF/PVI ablation"": 2.275, ""risk_5|Device implant"": 1.225, ""risk_5|Device revision-generator-upgrade"": 2.1, ""risk_5|Other ablation"": 1.8, ""risk_5|VT/PVC ablation"": 2.5, ""risk_6|AF/PVI ablation"": 1.925, ""risk_6|Device implant"": 0.0, ""risk_6|Device revision-generator-upgrade"": 0.0, ""risk_6|Other ablation"": 2.5, ""risk_6|VT/PVC ablation"": 2.5, ""risk_7|AF/PVI ablation"": 2.5, ""risk_7|Other ablation"": 0.47500000000000003, ""risk_7|VT/PVC ablation"": 2.5}, ""min_n"": 120, ""n_gammas"": 32, ""risk_oof_corr_abs_error"": 0.45397763400402785}"
risk8_x_family_gamma_signed,32.82711336135616,32.796417788517424,31.604624034550895,31.77026365632957,0.16563962177867445,0.4410003522367031,-0.6084618353276512,"{""gammas"": {""__GLOBAL__"": 1.0000000000000018, ""risk_0|Device implant"": 0.2500000000000011, ""risk_0|Device revision-generator-upgrade"": 0.4500000000000013, ""risk_0|Other"": 0.27500000000000113, ""risk_0|Other ablation"": 0.8750000000000017, ""risk_1|Device implant"": 0.8750000000000017, ""risk_1|Device revision-generator-upgrade"": 1.1000000000000019, ""risk_1|Diagnostic/testing"": 0.2500000000000011, ""risk_1|Other ablation"": 1.1000000000000019, ""risk_2|AF/PVI ablation"": 1.1250000000000018, ""risk_2|Device implant"": 0.7750000000000016, ""risk_2|Device revision-generator-upgrade"": 0.40000000000000124, ""risk_3|AF/PVI ablation"": 1.8250000000000024, ""risk_3|Device implant"": 0.8750000000000017, ""risk_3|Device revision-generator-upgrade"": 0.9000000000000017, ""risk_4|AF/PVI ablation"": 1.4500000000000022, ""risk_4|Device implant"": 1.0250000000000017, ""risk_4|Device revision-generator-upgrade"": 1.5000000000000022, ""risk_4|Other ablation"": 0.30000000000000115, ""risk_5|AF/PVI ablation"": 2.275000000000003, ""risk_5|Device implant"": 1.2250000000000019, ""risk_5|Device revision-generator-upgrade"": 2.1000000000000028, ""risk_5|Other ablation"": 1.8000000000000025, ""risk_5|VT/PVC ablation"": 2.500000000000003, ""risk_6|AF/PVI ablation"": 1.9250000000000025, ""risk_6|Device implant"": -0.17499999999999927, ""risk_6|Device revision-generator-upgrade"": -0.47499999999999953, ""risk_6|Other ablation"": 2.500000000000003, ""risk_6|VT/PVC ablation"": 2.500000000000003, ""risk_7|AF/PVI ablation"": 2.500000000000003, ""risk_7|Other ablation"": 0.4750000000000013, ""risk_7|VT/PVC ablation"": 2.500000000000003}, ""min_n"": 120, ""n_gammas"": 32, ""risk_oof_corr_abs_error"": 0.45397763400402785}"
risk8_x_pls_gap_gamma_positive,32.832193380460346,32.796417788517424,31.70820665246534,31.77026365632957,0.06205700386422747,0.47692849594927794,-0.5786520020023008,"{""gammas"": {""__GLOBAL__"": 1.0, ""risk_0|pls_higher"": 0.45, ""risk_0|pls_lower"": 0.0, ""risk_0|pls_near"": 0.25, ""risk_1|pls_higher"": 0.7000000000000001, ""risk_1|pls_lower"": 0.07500000000000001, ""risk_1|pls_near"": 1.375, ""risk_2|pls_higher"": 0.7250000000000001, ""risk_2|pls_lower"": 0.15000000000000002, ""risk_2|pls_near"": 1.475, ""risk_3|pls_higher"": 1.5, ""risk_3|pls_lower"": 0.0, ""risk_3|pls_near"": 0.675, ""risk_4|pls_higher"": 1.475, ""risk_4|pls_lower"": 0.6000000000000001, ""risk_4|pls_near"": 1.5250000000000001, ""risk_5|pls_higher"": 2.15, ""risk_5|pls_lower"": 2.0, ""risk_5|pls_near"": 1.35, ""risk_6|pls_higher"": 1.425, ""risk_6|pls_lower"": 0.9500000000000001, ""risk_6|pls_near"": 1.55, ""risk_7|pls_higher"": 2.5, ""risk_7|pls_lower"": 1.075, ""risk_7|pls_much_higher"": 1.35, ""risk_7|pls_near"": 1.35}, ""min_n"": 100, ""n_gammas"": 26, ""risk_oof_corr_abs_error"": 0.45397763400402785}"
risk8_x_pls_gap_gamma_signed,32.839654369227816,32.796417788517424,31.70819786456761,31.77026365632957,0.06206579176196331,0.48502994011976047,-0.575605985581381,"{""gammas"": {""__GLOBAL__"": 1.0000000000000018, ""risk_0|pls_higher"": 0.4500000000000013, ""risk_0|pls_lower"": -0.024999999999999134, ""risk_0|pls_near"": 0.2500000000000011, ""risk_1|pls_higher"": 0.7000000000000015, ""risk_1|pls_lower"": 0.07500000000000095, ""risk_1|pls_near"": 1.3750000000000022, ""risk_2|pls_higher"": 0.7250000000000015, ""risk_2|pls_lower"": 0.15000000000000102, ""risk_2|pls_near"": 1.4750000000000023, ""risk_3|pls_higher"": 1.5000000000000022, ""risk_3|pls_lower"": -0.3499999999999994, ""risk_3|pls_near"": 0.6750000000000015, ""risk_4|pls_higher"": 1.4750000000000023, ""risk_4|pls_lower"": 0.6000000000000014, ""risk_4|pls_near"": 1.5250000000000021, ""risk_5|pls_higher"": 2.150000000000003, ""risk_5|pls_lower"": 2.0000000000000027, ""risk_5|pls_near"": 1.350000000000002, ""risk_6|pls_higher"": 1.425000000000002, ""risk_6|pls_lower"": 0.9500000000000017, ""risk_6|pls_near"": 1.5500000000000023, ""risk_7|pls_higher"": 2.500000000000003, ""risk_7|pls_lower"": 1.075000000000002, ""risk_7|pls_much_higher"": 1.350000000000002, ""risk_7|pls_near"": 1.350000000000002}, ""min_n"": 100, ""n_gammas"": 26, ""risk_oof_corr_abs_error"": 0.45397763400402785}"
risk4_x_family_x_pls_gap_gamma_positive,32.849354504500496,32.796417788517424,31.672121435520364,31.77026365632957,0.09814222080920974,0.28214159915463194,-0.748390953887207,"{""gammas"": {""__GLOBAL__"": 1.0, ""risk_0|Device implant|pls_higher"": 0.325, ""risk_0|Device implant|pls_lower"": 0.0, ""risk_0|Device implant|pls_near"": 0.9500000000000001, ""risk_0|Device revision-generator-upgrade|pls_lower"": 0.7000000000000001, ""risk_0|Device revision-generator-upgrade|pls_near"": 1.05, ""risk_0|Diagnostic/testing|pls_higher"": 1.1, ""risk_0|Diagnostic/testing|pls_near"": 0.0, ""risk_1|AF/PVI ablation|pls_higher"": 1.725, ""risk_1|AF/PVI ablation|pls_near"": 2.4250000000000003, ""risk_1|Device implant|pls_higher"": 0.5, ""risk_1|Device implant|pls_lower"": 1.225, ""risk_1|Device implant|pls_near"": 1.225, ""risk_1|Device revision-generator-upgrade|pls_near"": 1.1500000000000001, ""risk_2|AF/PVI ablation|pls_higher"": 2.275, ""risk_2|AF/PVI ablation|pls_lower"": 2.1750000000000003, ""risk_2|AF/PVI ablation|pls_near"": 0.275, ""risk_2|Device implant|pls_higher"": 1.0, ""risk_2|Device implant|pls_lower"": 1.175, ""risk_2|Device implant|pls_near"": 0.8250000000000001, ""risk_2|Other ablation|pls_near"": 0.0, ""risk_3|AF/PVI ablation|pls_higher"": 2.5, ""risk_3|AF/PVI ablation|pls_near"": 2.375, ""risk_3|Other ablation|pls_higher"": 2.5, ""risk_3|Other ablation|pls_near"": 1.5, ""risk_3|VT/PVC ablation|pls_higher"": 2.5, ""risk_3|VT/PVC ablation|pls_near"": 1.4500000000000002}, ""min_n"": 140, ""n_gammas"": 27, ""risk_oof_corr_abs_error"": 0.45410026338260967}"
risk4_x_family_x_pls_gap_gamma_signed,32.85754945492238,32.796417788517424,31.673912595490524,31.77026365632957,0.09635106083903976,0.3170130327580134,-0.7486732427880665,"{""gammas"": {""__GLOBAL__"": 1.0000000000000018, ""risk_0|Device implant|pls_higher"": 0.3250000000000012, ""risk_0|Device implant|pls_lower"": -1.0, ""risk_0|Device implant|pls_near"": 0.9500000000000017, ""risk_0|Device revision-generator-upgrade|pls_lower"": 0.7000000000000015, ""risk_0|Device revision-generator-upgrade|pls_near"": 1.0500000000000018, ""risk_0|Diagnostic/testing|pls_higher"": 1.1000000000000019, ""risk_0|Diagnostic/testing|pls_near"": -0.27499999999999936, ""risk_1|AF/PVI ablation|pls_higher"": 1.7250000000000023, ""risk_1|AF/PVI ablation|pls_near"": 2.425000000000003, ""risk_1|Device implant|pls_higher"": 0.5000000000000013, ""risk_1|Device implant|pls_lower"": 1.2250000000000019, ""risk_1|Device implant|pls_near"": 1.2250000000000019, ""risk_1|Device revision-generator-upgrade|pls_near"": 1.150000000000002, ""risk_2|AF/PVI ablation|pls_higher"": 2.275000000000003, ""risk_2|AF/PVI ablation|pls_lower"": 2.175000000000003, ""risk_2|AF/PVI ablation|pls_near"": 0.27500000000000113, ""risk_2|Device implant|pls_higher"": 1.0000000000000018, ""risk_2|Device implant|pls_lower"": 1.175000000000002, ""risk_2|Device implant|pls_near"": 0.8250000000000016, ""risk_2|Other ablation|pls_near"": -0.1999999999999993, ""risk_3|AF/PVI ablation|pls_higher"": 2.500000000000003, ""risk_3|AF/PVI ablation|pls_near"": 2.375000000000003, ""risk_3|Other ablation|pls_higher"": 2.500000000000003, ""risk_3|Other ablation|pls_near"": 1.5000000000000022, ""risk_3|VT/PVC ablation|pls_higher"": 2.500000000000003, ""risk_3|VT/PVC ablation|pls_near"": 1.4500000000000022}, ""min_n"": 140, ""n_gammas"": 27, ""risk_oof_corr_abs_error"": 0.45410026338260967}"
risk6_ridge_residual,33.06687606575871,32.796417788517424,32.08033047376622,31.77026365632957,-0.3100668174366469,0.4734061289186333,5.4008751209819446,"{""k"": 6}"
risk5_ridge_residual,33.087860875485056,32.796417788517424,32.146563531288926,31.77026365632957,-0.37629987495935624,0.46354350123282845,5.494920091300581,"{""k"": 5}"
risk8_mean_residual,33.11575992795851,32.796417788517424,32.17651989436877,31.77026365632957,-0.40625623803920385,0.45649876717153925,5.3579440309899296,"{""means"": {""__GLOBAL__"": 5.749563273110436, ""risk_0"": 1.9849583292788353, ""risk_1"": 2.430025295575066, ""risk_2"": 2.54848759593063, ""risk_3"": 3.0886571488073473, ""risk_4"": 3.805904257452147, ""risk_5"": 5.182102054710867, ""risk_6"": 9.031341357987092, ""risk_7"": 17.960157284760964}, ""n_means"": 9}"
risk6_mean_residual,33.119424011646046,32.796417788517424,32.259227102701985,31.77026365632957,-0.48896344637241523,0.4554420570623459,5.476839260472761,"{""means"": {""__GLOBAL__"": 5.749563273110436, ""risk_0"": 2.320300036211204, ""risk_1"": 1.9161437594382629, ""risk_2"": 3.1887506935760594, ""risk_3"": 4.334749774933233, ""risk_4"": 6.215529650789233, ""risk_5"": 16.355325107398087}, ""n_means"": 7}"
risk4_mean_residual,33.11976723103617,32.796417788517424,32.26009895279837,31.77026365632957,-0.4898352964688026,0.4579077139837971,5.422666096078384,"{""means"": {""__GLOBAL__"": 5.749563273110436, ""risk_0"": 2.1501828846138893, ""risk_1"": 2.698895538092157, ""risk_2"": 4.423170214865614, ""risk_3"": 13.815416504620762}, ""n_means"": 5}"
risk4_ridge_residual,33.1271671227827,32.796417788517424,32.22039951602948,31.77026365632957,-0.4501358596999132,0.4582599506868616,5.416516003208783,"{""k"": 4}"
risk5_mean_residual,33.130563141164856,32.796417788517424,32.22734420171717,31.77026365632957,-0.45708054538760257,0.45685100387460376,5.465960565759772,"{""means"": {""__GLOBAL__"": 5.749563273110436, ""risk_0"": 2.0860302451633963, ""risk_1"": 2.519744919281395, ""risk_2"": 3.247397390170655, ""risk_3"": 6.16082295444136, ""risk_4"": 14.698869389248541}, ""n_means"": 6}"
risk8_ridge_residual,33.13745880051093,32.796417788517424,32.18156703111626,31.77026365632957,-0.4113033747866926,0.46460021134202184,5.513728994128239,"{""k"": 8}"
risk3_ridge_residual,33.1566404291025,32.796417788517424,32.169675190301696,31.77026365632957,-0.39941153397213064,0.4589644240929905,5.511988410947682,"{""k"": 3}"
risk3_mean_residual,33.170427841598695,32.796417788517424,32.32487809132572,31.77026365632957,-0.5546144349961483,0.45473758365621697,5.54610742284685,"{""means"": {""__GLOBAL__"": 5.749563273110436, ""risk_0"": 2.130673975017465, ""risk_1"": 3.7469383181210967, ""risk_2"": 11.169605870793927}, ""n_means"": 4}"
sched_x_pls_gap_mean_residual,33.27501990949605,32.796417788517424,32.54754190236371,31.77026365632957,-0.7772782460341461,0.44734061289186333,6.103232038368214,"{""means"": {""150-209|pls_higher"": 11.665926911121177, ""150-209|pls_lower"": 1.0691053304065514, ""150-209|pls_near"": 7.51017273366075, ""210-299|pls_higher"": 9.007805729759284, ""210-299|pls_lower"": 1.3431144586054613, ""210-299|pls_much_higher"": 4.281664141103431, ""210-299|pls_near"": 8.760120569525364, ""300-419|pls_higher"": 10.214502660533222, ""300-419|pls_lower"": 5.2117133088906655, ""300-419|pls_much_higher"": 12.720558340127011, ""300-419|pls_near"": 5.399563200679136, ""420+|pls_higher"": 15.542168437821125, ""90-149|pls_higher"": 4.709190351638981, ""90-149|pls_lower"": 2.545055793821328, ""90-149|pls_much_higher"": 5.617437467959376, ""90-149|pls_near"": 3.7785831258307883, ""<90|pls_higher"": 5.940854011062459, ""<90|pls_lower"": 1.8072512146535469, ""<90|pls_near"": 2.8578689384465497, ""__GLOBAL__"": 5.749563273110436}, ""n_means"": 20}"
scheduled_duration_bin_mean_residual,33.29019932484341,32.796417788517424,32.4143762419906,31.77026365632957,-0.6441125856610372,0.45051074321944345,5.65149101350834,"{""means"": {""150-209"": 7.242754503028338, ""210-299"": 7.022394414348139, ""300-419"": 8.968080781258942, ""420+"": 15.178616556845311, ""90-149"": 3.5980707269215384, ""<90"": 2.7299844445709063, ""__GLOBAL__"": 5.749563273110436}, ""n_means"": 7}"
risk_surface_pls_mean_residual,33.29940209877172,32.796417788517424,32.41279908870413,31.77026365632957,-0.6425354323745639,0.4480450862979922,6.004442525524596,"{""means"": {""AF/PVI ablation|210-299|pls_higher"": 7.8161013675539985, ""AF/PVI ablation|210-299|pls_lower"": 1.0290491032895968, ""AF/PVI ablation|210-299|pls_near"": 7.029927366043451, ""AF/PVI ablation|300-419|pls_higher"": 8.137109723546102, ""AF/PVI ablation|300-419|pls_near"": 8.454827865132993, ""Device implant|150-209|pls_higher"": 13.37419870137766, ""Device implant|150-209|pls_lower"": 1.2576519400448831, ""Device implant|150-209|pls_near"": 10.275397723847695, ""Device implant|90-149|pls_higher"": 5.081747521138778, ""Device implant|90-149|pls_lower"": 3.3720469769143393, ""Device implant|90-149|pls_near"": 4.895716835588939, ""Device revision-generator-upgrade|150-209|pls_lower"": 3.6417426549379353, ""Device revision-generator-upgrade|150-209|pls_near"": 5.600727708817407, ""Device revision-generator-upgrade|90-149|pls_higher"": 7.921659101075604, ""Device revision-generator-upgrade|90-149|pls_lower"": 5.426600536054986, ""Device revision-generator-upgrade|90-149|pls_near"": 3.450037525435121, ""Device revision-generator-upgrade|<90|pls_higher"": 5.877479014319443, ""Device revision-generator-upgrade|<90|pls_lower"": 1.6646456937127656, ""Device revision-generator-upgrade|<90|pls_near"": 4.142176092856222, ""Diagnostic/testing|90-149|pls_higher"": 3.5418934768636987, ""Diagnostic/testing|90-149|pls_lower"": 2.1072841686471286, ""Diagnostic/testing|90-149|pls_near"": 1.7845721005729007, ""Other ablation|150-209|pls_higher"": 6.579964118657761, ""Other ablation|150-209|pls_near"": 9.728685929967291, ""Other ablation|210-299|pls_higher"": 14.97152407691686, ""Other ablation|210-299|pls_near"": 10.616232355725813, ""Other ablation|300-419|pls_higher"": 8.18508219708488, ""Other ablation|300-419|pls_near"": 8.502275412967387, ""Other ablation|<90|pls_lower"": 5.341298744611345, ""Other ablation|<90|pls_near"": 4.265548663899908, ""Other|<90|pls_higher"": 4.3327845647852845, ""Other|<90|pls_lower"": 0.5802104365470653, ""Other|<90|pls_near"": 1.6068843674135276, ""VT/PVC ablation|210-299|pls_higher"": 9.135901040858, ""VT/PVC ablation|210-299|pls_near"": 10.476839025405047, ""VT/PVC ablation|300-419|pls_higher"": 13.904671976527592, ""VT/PVC ablation|300-419|pls_near"": 2.483483259599717, ""__GLOBAL__"": 5.749563273110436}, ""n_means"": 38}"
pls_vote_bin_mean_residual,33.29951305203278,32.796417788517424,32.658079289627615,31.77026365632957,-0.8878156332980484,0.43853469531525185,6.4281574479992365,"{""means"": {""__GLOBAL__"": 5.749563273110436, ""vote_down"": 1.9828351616054214, ""vote_down_strong"": 1.7656456700197543, ""vote_mixed"": 7.426460941256128, ""vote_up"": 6.850254897371515, ""vote_up_strong"": 9.152924474500207}, ""n_means"": 6}"
pls_gap_bin_mean_residual,33.31418689412471,32.796417788517424,32.558875839092984,31.77026365632957,-0.7886121827634169,0.44029587883057414,6.3089716235252995,"{""means"": {""__GLOBAL__"": 5.749563273110436, ""pls_higher"": 8.584541386937605, ""pls_lower"": 1.7395645846830847, ""pls_much_higher"": 9.62012041327274, ""pls_much_lower"": 1.632567202701973, ""pls_near"": 5.53899346453337}, ""n_means"": 6}"
family_x_pls_gap_mean_residual,33.324472325749184,32.796417788517424,32.530751892889405,31.77026365632957,-0.7604882365598407,0.4420570623458964,6.365431809165601,"{""means"": {""AF/PVI ablation|pls_higher"": 7.647139026363583, ""AF/PVI ablation|pls_lower"": 1.456252386944986, ""AF/PVI ablation|pls_much_higher"": 2.7008868530710686, ""AF/PVI ablation|pls_near"": 7.534143982778557, ""Device implant|pls_higher"": 7.467731953601026, ""Device implant|pls_lower"": 3.219701893860541, ""Device implant|pls_much_higher"": 7.389978583392354, ""Device implant|pls_near"": 5.905705940300579, ""Device revision-generator-upgrade|pls_higher"": 8.436883402423742, ""Device revision-generator-upgrade|pls_lower"": 3.0743899118748663, ""Device revision-generator-upgrade|pls_near"": 4.195044312436095, ""Diagnostic/testing|pls_higher"": 3.332504974792777, ""Diagnostic/testing|pls_lower"": -0.018200036129733553, ""Diagnostic/testing|pls_near"": 1.0280455786456864, ""LAA closure|pls_near"": 3.3635294198726364, ""Lead/device extraction-removal|pls_higher"": 6.159242018703533, ""Lead/device extraction-removal|pls_near"": 4.394631309055995, ""Other ablation|pls_higher"": 11.499851321886677, ""Other ablation|pls_lower"": 1.0825801125436012, ""Other ablation|pls_much_higher"": 19.952666172647493, ""Other ablation|pls_near"": 8.636574109644158, ""Other|pls_higher"": 4.774748309617428, ""Other|pls_lower"": 0.4372309271046115, ""Other|pls_near"": 1.3474379717231242, ""VT/PVC ablation|pls_higher"": 13.358431183976423, ""VT/PVC ablation|pls_lower"": 4.309124414816872, ""VT/PVC ablation|pls_much_higher"": 8.072335481659172, ""VT/PVC ablation|pls_near"": 7.377823653163438, ""__GLOBAL__"": 5.749563273110436}, ""n_means"": 29}"
procedure_family_mean_residual,33.340864614922424,32.796417788517424,32.40711503956937,31.77026365632957,-0.6368513832397972,0.4469883761887989,5.996055472063318,"{""means"": {""AF/PVI ablation"": 5.83227056796006, ""Device implant"": 5.499146228715793, ""Device revision-generator-upgrade"": 4.7878269022507425, ""Diagnostic/testing"": 1.270111899456388, ""LAA closure"": 2.6113096294150027, ""Lead/device extraction-removal"": 6.778414421164662, ""Other"": 1.1102396769901253, ""Other ablation"": 9.734305780572035, ""VT/PVC ablation"": 10.185140838193163, ""__GLOBAL__"": 5.749563273110436}, ""n_means"": 10}"
family_x_note_count_mean_residual,33.34208295625223,32.796417788517424,32.414238484107514,31.77026365632957,-0.6439748277779455,0.4480450862979922,5.8853871329618235,"{""means"": {""AF/PVI ablation|0"": 7.953064583907714, ""AF/PVI ablation|13-23"": 1.9258201533500205, ""AF/PVI ablation|24 cap"": 6.0336091889580175, ""Device implant|0"": 2.3648123442524254, ""Device implant|13-23"": 5.359495135299553, ""Device implant|24 cap"": 5.852424354805644, ""Device revision-generator-upgrade|0"": 5.541882017066622, ""Device revision-generator-upgrade|13-23"": 6.0723496488195945, ""Device revision-generator-upgrade|24 cap"": 4.528591083013738, ""Diagnostic/testing|13-23"": 5.1549841271669985, ""Diagnostic/testing|24 cap"": 0.5452083013158551, ""LAA closure|24 cap"": 3.116507954485121, ""Lead/device extraction-removal|24 cap"": 7.9428640878481245, ""Other ablation|0"": 7.0006185375404595, ""Other ablation|13-23"": 12.022409119586273, ""Other ablation|24 cap"": 8.977265671511494, ""Other ablation|6-12"": 5.760692578439932, ""Other|24 cap"": 0.31189364646048734, ""VT/PVC ablation|13-23"": 0.2668007968960694, ""VT/PVC ablation|24 cap"": 11.191466159828803, ""__GLOBAL__"": 5.749563273110436}, ""n_means"": 21}"
family_x_sched_mean_residual,33.35268869506488,32.796417788517424,32.30888652216296,31.77026365632957,-0.5386228658333897,0.44980626981331456,5.635537522594204,"{""means"": {""AF/PVI ablation|150-209"": 4.597538402794614, ""AF/PVI ablation|210-299"": 5.165400227223273, ""AF/PVI ablation|300-419"": 8.1093707334999, ""Device implant|150-209"": 8.630209932915893, ""Device implant|210-299"": 7.888293338659043, ""Device implant|90-149"": 4.38205998307393, ""Device implant|<90"": 8.054510603092405, ""Device revision-generator-upgrade|150-209"": 7.687937736596818, ""Device revision-generator-upgrade|90-149"": 4.743978583290789, ""Device revision-generator-upgrade|<90"": 3.3730106362363714, ""Diagnostic/testing|210-299"": 2.491870896775754, ""Diagnostic/testing|300-419"": 3.0288247438734808, ""Diagnostic/testing|90-149"": 1.8754210147961865, ""LAA closure|150-209"": 3.3059130391983995, ""Other ablation|150-209"": 7.79214751240522, ""Other ablation|210-299"": 11.409037218975195, ""Other ablation|300-419"": 11.71093447319834, ""Other ablation|90-149"": 3.562308068710513, ""Other ablation|<90"": 5.155649550307263, ""Other|<90"": 0.5674742542231621, ""VT/PVC ablation|210-299"": 9.438360376041514, ""VT/PVC ablation|300-419"": 9.825094823733068, ""__GLOBAL__"": 5.749563273110436}, ""n_means"": 23}"
note_count_bin_mean_residual,33.359939113549444,32.796417788517424,32.40945952185125,31.77026365632957,-0.6391958655216763,0.44381824586121876,5.733823398757057,"{""means"": {""0"": 5.291087592612524, ""1-5"": 10.799594955660684, ""13-23"": 4.962859245536579, ""24 cap"": 5.738436477095813, ""6-12"": 6.656090687340248, ""__GLOBAL__"": 5.749563273110436}, ""n_means"": 6}"
pls_spread_bin_mean_residual,33.360331262746875,32.796417788517424,32.394202959586785,31.77026365632957,-0.6239393032572178,0.44874955970412117,5.620010779131957,"{""means"": {""__GLOBAL__"": 5.749563273110436, ""spread_low"": 7.430386994975102, ""spread_med"": 9.041773548289553, ""spread_vlow"": 3.8241813373846254}, ""n_means"": 4}"
